-- MySQL dump 10.13  Distrib 8.0.21, for Win64 (x86_64)
--
-- Host: 127.0.0.1    Database: ensayapp_db
-- ------------------------------------------------------
-- Server version	8.0.21

/*!40101 SET @OLD_CHARACTER_SET_CLIENT=@@CHARACTER_SET_CLIENT */;
/*!40101 SET @OLD_CHARACTER_SET_RESULTS=@@CHARACTER_SET_RESULTS */;
/*!40101 SET @OLD_COLLATION_CONNECTION=@@COLLATION_CONNECTION */;
/*!50503 SET NAMES utf8 */;
/*!40103 SET @OLD_TIME_ZONE=@@TIME_ZONE */;
/*!40103 SET TIME_ZONE='+00:00' */;
/*!40014 SET @OLD_UNIQUE_CHECKS=@@UNIQUE_CHECKS, UNIQUE_CHECKS=0 */;
/*!40014 SET @OLD_FOREIGN_KEY_CHECKS=@@FOREIGN_KEY_CHECKS, FOREIGN_KEY_CHECKS=0 */;
/*!40101 SET @OLD_SQL_MODE=@@SQL_MODE, SQL_MODE='NO_AUTO_VALUE_ON_ZERO' */;
/*!40111 SET @OLD_SQL_NOTES=@@SQL_NOTES, SQL_NOTES=0 */;

--
-- Table structure for table `activo`
--

DROP TABLE IF EXISTS `activo`;
/*!40101 SET @saved_cs_client     = @@character_set_client */;
/*!50503 SET character_set_client = utf8mb4 */;
CREATE TABLE `activo` (
  `id_activo` int NOT NULL AUTO_INCREMENT,
  `id_sucursal` int NOT NULL,
  `nombre` varchar(100) CHARACTER SET utf8 COLLATE utf8_spanish_ci DEFAULT NULL,
  `descripcion` text CHARACTER SET utf8 COLLATE utf8_spanish_ci,
  `marca` varchar(100) CHARACTER SET utf8 COLLATE utf8_spanish_ci DEFAULT NULL,
  `referencia` varchar(100) CHARACTER SET utf8 COLLATE utf8_spanish_ci DEFAULT NULL,
  `estado_activo` varchar(45) CHARACTER SET utf8 COLLATE utf8_spanish_ci DEFAULT NULL COMMENT 'en bodega - en sala',
  `fecha_registro` datetime DEFAULT NULL,
  `estado_registro` varchar(45) CHARACTER SET utf8 COLLATE utf8_spanish_ci DEFAULT NULL,
  PRIMARY KEY (`id_activo`),
  KEY `fk_activo_sucursal1_idx` (`id_sucursal`),
  CONSTRAINT `fk_activo_sucursal1` FOREIGN KEY (`id_sucursal`) REFERENCES `sucursal` (`id_sucursal`)
) ENGINE=InnoDB DEFAULT CHARSET=utf8 COLLATE=utf8_spanish_ci;
/*!40101 SET character_set_client = @saved_cs_client */;

--
-- Dumping data for table `activo`
--

LOCK TABLES `activo` WRITE;
/*!40000 ALTER TABLE `activo` DISABLE KEYS */;
/*!40000 ALTER TABLE `activo` ENABLE KEYS */;
UNLOCK TABLES;

--
-- Table structure for table `calificacion`
--

DROP TABLE IF EXISTS `calificacion`;
/*!40101 SET @saved_cs_client     = @@character_set_client */;
/*!50503 SET character_set_client = utf8mb4 */;
CREATE TABLE `calificacion` (
  `id_reservacion` int NOT NULL,
  `id_lineamiento_calificacion` int NOT NULL,
  `puntaje` int DEFAULT NULL,
  `comentarios` text CHARACTER SET utf8 COLLATE utf8_spanish_ci,
  `fecha_registro` datetime DEFAULT NULL,
  `estado_registro` varchar(45) CHARACTER SET utf8 COLLATE utf8_spanish_ci DEFAULT NULL,
  KEY `fk_calificacion_reservacion_reservacion1_idx` (`id_reservacion`),
  KEY `fk_calificacion_reservacion_lineamiento_calificacion1_idx` (`id_lineamiento_calificacion`),
  CONSTRAINT `fk_calificacion_reservacion_lineamiento_calificacion1` FOREIGN KEY (`id_lineamiento_calificacion`) REFERENCES `lineamiento_calificacion` (`id_lineamiento_calificacion`),
  CONSTRAINT `fk_calificacion_reservacion_reservacion1` FOREIGN KEY (`id_reservacion`) REFERENCES `reservacion` (`id_reservacion`)
) ENGINE=InnoDB DEFAULT CHARSET=utf8 COLLATE=utf8_spanish_ci;
/*!40101 SET character_set_client = @saved_cs_client */;

--
-- Dumping data for table `calificacion`
--

LOCK TABLES `calificacion` WRITE;
/*!40000 ALTER TABLE `calificacion` DISABLE KEYS */;
INSERT INTO `calificacion` VALUES (1,1,2,'','2020-11-15 23:13:28','Activo'),(1,2,3,'','2020-11-15 23:13:28','Activo'),(1,3,5,'','2020-11-15 23:13:28','Activo'),(1,4,4,'','2020-11-15 23:13:28','Activo'),(5,1,5,'','2020-11-15 23:16:53','Activo'),(5,2,3,'','2020-11-15 23:16:53','Activo'),(5,3,3,'','2020-11-15 23:16:53','Activo'),(5,4,5,'','2020-11-15 23:16:53','Activo'),(13,1,1,'','2020-11-15 23:23:13','Activo'),(13,2,1,'','2020-11-15 23:23:13','Activo'),(13,3,1,'','2020-11-15 23:23:13','Activo'),(13,4,1,'','2020-11-15 23:23:13','Activo'),(6,1,4,'','2020-11-16 15:39:54','Activo'),(6,2,3,'','2020-11-16 15:39:54','Activo'),(6,3,5,'','2020-11-16 15:39:54','Activo'),(6,4,3,'','2020-11-16 15:39:55','Activo'),(9,1,4,'','2020-11-17 19:20:12','Activo'),(9,2,3,'','2020-11-17 19:20:12','Activo'),(9,3,5,'','2020-11-17 19:20:12','Activo'),(9,4,2,'','2020-11-17 19:20:13','Activo');
/*!40000 ALTER TABLE `calificacion` ENABLE KEYS */;
UNLOCK TABLES;

--
-- Table structure for table `ciudad`
--

DROP TABLE IF EXISTS `ciudad`;
/*!40101 SET @saved_cs_client     = @@character_set_client */;
/*!50503 SET character_set_client = utf8mb4 */;
CREATE TABLE `ciudad` (
  `id_ciudad` int NOT NULL AUTO_INCREMENT,
  `id_departamento` int NOT NULL,
  `nombre` varchar(45) CHARACTER SET utf8 COLLATE utf8_spanish_ci DEFAULT NULL,
  PRIMARY KEY (`id_ciudad`),
  KEY `fk_ciudad_departamento1_idx` (`id_departamento`),
  CONSTRAINT `fk_ciudad_departamento1` FOREIGN KEY (`id_departamento`) REFERENCES `departamento` (`id_departamento`)
) ENGINE=InnoDB AUTO_INCREMENT=1121 DEFAULT CHARSET=utf8 COLLATE=utf8_spanish_ci COMMENT='	';
/*!40101 SET character_set_client = @saved_cs_client */;

--
-- Dumping data for table `ciudad`
--

LOCK TABLES `ciudad` WRITE;
/*!40000 ALTER TABLE `ciudad` DISABLE KEYS */;
INSERT INTO `ciudad` VALUES (1,5,'MEDELLIN'),(2,8,'BARRANQUILLA'),(3,11,'BOGOTA, D.C.'),(4,13,'CARTAGENA'),(5,15,'TUNJA'),(6,17,'MANIZALES'),(7,18,'FLORENCIA'),(8,19,'POPAYAN'),(9,20,'VALLEDUPAR'),(10,23,'MONTERIA'),(11,25,'AGUA DE DIOS'),(12,27,'QUIBDO'),(13,41,'NEIVA'),(14,44,'RIOHACHA'),(15,47,'SANTA MARTA'),(16,50,'VILLAVICENCIO'),(17,52,'PASTO'),(18,54,'CUCUTA'),(19,63,'ARMENIA'),(20,66,'PEREIRA'),(21,68,'BUCARAMANGA'),(22,70,'SINCELEJO'),(23,73,'IBAGUE'),(24,76,'CALI'),(25,81,'ARAUCA'),(26,85,'YOPAL'),(27,86,'MOCOA'),(28,88,'SAN ANDRES'),(29,91,'LETICIA'),(30,94,'INIRIDA'),(31,95,'SAN JOSE DEL GUAVIAR'),(32,97,'MITU'),(33,99,'PUERTO CARRE¥O'),(34,5,'ABEJORRAL'),(35,54,'ABREGO'),(36,5,'ABRIAQUI'),(37,13,'ACHI'),(38,27,'ACANDI'),(39,41,'ACEVEDO'),(40,50,'ACACIAS'),(41,85,'AGUAZUL'),(42,20,'AGUACHICA'),(43,17,'AGUADAS'),(44,20,'AGUSTIN CODAZZI'),(45,41,'AGRADO'),(46,68,'AGUADA'),(47,85,'CHAMEZA'),(48,95,'CALAMAR'),(49,41,'AIPE'),(50,25,'ALBAN'),(51,52,'ALBAN'),(52,41,'ALGECIRAS'),(53,68,'ALBANIA'),(54,76,'ALCALA'),(55,5,'ALEJANDRIA'),(56,15,'ALMEIDA'),(57,19,'ALMAGUER'),(58,52,'ALDANA'),(59,73,'ALPUJARRA'),(60,27,'ALTO BAUDO'),(61,95,'EL RETORNO'),(62,41,'ALTAMIRA'),(63,73,'ALVARADO'),(64,18,'ALBANIA'),(65,5,'AMAGA'),(66,13,'ALTOS DEL ROSARIO'),(67,47,'ALGARROBO'),(68,73,'AMBALEMA'),(69,5,'AMALFI'),(70,20,'ASTREA'),(71,5,'ANDES'),(72,25,'ANAPOIMA'),(73,44,'ALBANIA'),(74,5,'ANGELOPOLIS'),(75,52,'ANCUYA'),(76,76,'ANDALUCIA'),(77,5,'ANGOSTURA'),(78,5,'ANORI'),(79,25,'ANOLAIMA'),(80,76,'ANSERMANUEVO'),(81,5,'SANTAFE DE ANTIOQUIA'),(82,13,'ARENAL'),(83,17,'ANSERMA'),(84,73,'ANZOATEGUI'),(85,5,'ANZA'),(86,5,'APARTADO'),(87,20,'BECERRIL'),(88,66,'APIA'),(89,15,'AQUITANIA'),(90,17,'ARANZAZU'),(91,19,'ARGELIA'),(92,27,'ATRATO'),(93,5,'ARBOLETES'),(94,15,'ARCABUCO'),(95,52,'ARBOLEDA'),(96,54,'ARBOLEDAS'),(97,68,'ARATOCA'),(98,13,'ARJONA'),(99,25,'ARBELAEZ'),(100,47,'ARACATACA'),(101,76,'ARGELIA'),(102,5,'ARGELIA'),(103,73,'ARMERO'),(104,47,'ARIGUANI'),(105,5,'ARMENIA'),(106,20,'BOSCONIA'),(107,13,'ARROYOHONDO'),(108,81,'ARAUQUITA'),(109,73,'ATACO'),(110,23,'AYAPEL'),(111,27,'BAGADO'),(112,13,'BARRANCO DE LOBA'),(113,19,'BALBOA'),(114,27,'BAHIA SOLANO'),(115,66,'BALBOA'),(116,27,'BAJO BAUDO'),(117,68,'BARBOSA'),(118,8,'BARANOA'),(119,41,'BARAYA'),(120,44,'BARRANCAS'),(121,5,'BARBOSA'),(122,23,'BUENAVISTA'),(123,52,'BARBACOAS'),(124,68,'BARICHARA'),(125,68,'BARRANCABERMEJA'),(126,52,'BELEN'),(127,5,'BELMIRA'),(128,25,'BELTRAN'),(129,15,'BELEN'),(130,5,'BELLO'),(131,17,'BELALCAZAR'),(132,66,'BELEN DE UMBRIA'),(133,15,'BERBEO'),(134,23,'CANALETE'),(135,44,'DIBULLA'),(136,5,'BETANIA'),(137,15,'BETEITIVA'),(138,68,'BETULIA'),(139,5,'BETULIA'),(140,18,'BELEN DE LOS ANDAQUI'),(141,25,'BITUIMA'),(142,15,'BOAVITA'),(143,44,'DISTRACCION'),(144,25,'BOJACA'),(145,27,'BOJAYA'),(146,54,'BOCHALEMA'),(147,19,'BOLIVAR'),(148,76,'BOLIVAR'),(149,5,'CIUDAD BOLIVAR'),(150,68,'BOLIVAR'),(151,15,'BOYACA'),(152,15,'BRICE¥O'),(153,5,'BRICE¥O'),(154,15,'BUENAVISTA'),(155,54,'BUCARASICA'),(156,76,'BUENAVENTURA'),(157,19,'BUENOS AIRES'),(158,44,'EL MOLINO'),(159,50,'BARRANCA DE UPIA'),(160,52,'BUESACO'),(161,70,'BUENAVISTA'),(162,63,'BUENAVISTA'),(163,76,'GUADALAJARA DE BUGA'),(164,5,'BURITICA'),(165,76,'BUGALAGRANDE'),(166,15,'BUSBANZA'),(167,5,'CACERES'),(168,25,'CABRERA'),(169,68,'CABRERA'),(170,76,'CAICEDONIA'),(171,25,'CACHIPAY'),(172,50,'CABUYARO'),(173,70,'CAIMITO'),(174,73,'CAJAMARCA'),(175,5,'CAICEDO'),(176,54,'CACOTA'),(177,85,'HATO COROZAL'),(178,25,'CAJICA'),(179,76,'CALIMA'),(180,54,'CACHIRA'),(181,5,'CALDAS'),(182,19,'CAJIBIO'),(183,63,'CALARCA'),(184,76,'CANDELARIA'),(185,15,'CALDAS'),(186,41,'CAMPOALEGRE'),(187,68,'CALIFORNIA'),(188,5,'CAMPAMENTO'),(189,15,'CAMPOHERMOSO'),(190,27,'EL CANTON DEL SAN PA'),(191,85,'LA SALINA'),(192,8,'CAMPO DE LA CRUZ'),(193,19,'CALDONO'),(194,5,'CA¥ASGORDAS'),(195,85,'MANI'),(196,13,'CALAMAR'),(197,8,'CANDELARIA'),(198,5,'CARACOLI'),(199,19,'CALOTO'),(200,5,'CARAMANTA'),(201,5,'CAREPA'),(202,68,'CAPITANEJO'),(203,76,'CARTAGO'),(204,5,'EL CARMEN DE VIBORAL'),(205,25,'CAPARRAPI'),(206,73,'CARMEN DE APICALA'),(207,5,'CAROLINA'),(208,18,'CARTAGENA DEL CHAIRA'),(209,27,'CARMEN DEL DARIEN'),(210,50,'CASTILLA LA NUEVA'),(211,25,'CAQUEZA'),(212,68,'CARCASI'),(213,73,'CASABIANCA'),(214,5,'CAUCASIA'),(215,25,'CARMEN DE CARUPA'),(216,13,'CANTAGALLO'),(217,27,'CERTEGUI'),(218,68,'CEPITA'),(219,47,'CERRO SAN ANTONIO'),(220,97,'CARURU'),(221,15,'CERINZA'),(222,23,'CERETE'),(223,68,'CERRITO'),(224,85,'MONTERREY'),(225,68,'CHARALA'),(226,23,'CHIMA'),(227,25,'CHAGUANI'),(228,73,'CHAPARRAL'),(229,68,'CHARTA'),(230,47,'CHIBOLO'),(231,66,'DOSQUEBRADAS'),(232,5,'CHIGORODO'),(233,15,'CHINAVITA'),(234,54,'CHINACOTA'),(235,17,'CHINCHINA'),(236,54,'CHITAGA'),(237,20,'CHIMICHAGUA'),(238,25,'CHIA'),(239,15,'CHIQUINQUIRA'),(240,68,'CHIMA'),(241,20,'CHIRIGUANA'),(242,25,'CHIPAQUE'),(243,68,'CHIPATA'),(244,15,'CHISCAS'),(245,25,'CHOACHI'),(246,23,'CHINU'),(247,15,'CHITA'),(248,25,'CHOCONTA'),(249,15,'CHITARAQUE'),(250,15,'CHIVATA'),(251,13,'CICUCO'),(252,15,'CIENEGA'),(253,23,'CIENAGA DE ORO'),(254,47,'CIENAGA'),(255,5,'CISNEROS'),(256,63,'CIRCASIA'),(257,68,'CIMITARRA'),(258,5,'COCORNA'),(259,25,'COGUA'),(260,73,'COELLO'),(261,95,'MIRAFLORES'),(262,52,'COLON'),(263,15,'COMBITA'),(264,70,'COLOSO'),(265,18,'CURILLO'),(266,27,'CONDOTO'),(267,47,'CONCORDIA'),(268,5,'CONCEPCION'),(269,41,'COLOMBIA'),(270,54,'CONVENCION'),(271,52,'CONSACA'),(272,68,'CONCEPCION'),(273,5,'CONCORDIA'),(274,68,'CONFINES'),(275,52,'CONTADERO'),(276,68,'CONTRATACION'),(277,5,'COPACABANA'),(278,13,'CORDOBA'),(279,15,'COPER'),(280,19,'CORINTO'),(281,63,'CORDOBA'),(282,25,'COTA'),(283,15,'CORRALES'),(284,52,'CORDOBA'),(285,70,'COROZAL'),(286,68,'COROMORO'),(287,73,'COYAIMA'),(288,15,'COVARACHIA'),(289,86,'COLON'),(290,81,'CRAVO NORTE'),(291,70,'COVE¥AS'),(292,13,'CLEMENCIA'),(293,15,'CUBARA'),(294,50,'CUBARRAL'),(295,54,'CUCUTILLA'),(296,15,'CUCAITA'),(297,25,'CUCUNUBA'),(298,52,'CUASPUD'),(299,85,'NUNCHIA'),(300,15,'CUITIVA'),(301,50,'CUMARAL'),(302,73,'CUNDAY'),(303,52,'CUMBAL'),(304,20,'CURUMANI'),(305,68,'CURITI'),(306,70,'CHALAN'),(307,85,'OROCUE'),(308,15,'CHIQUIZA'),(309,52,'CUMBITARA'),(310,70,'EL ROBLE'),(311,76,'DAGUA'),(312,5,'DABEIBA'),(313,68,'EL CARMEN DE CHUCURI'),(314,70,'GALERAS'),(315,15,'CHIVOR'),(316,73,'DOLORES'),(317,5,'DON MATIAS'),(318,15,'DUITAMA'),(319,20,'EL COPEY'),(320,54,'DURANIA'),(321,5,'EBEJICO'),(322,52,'CHACHAGsI'),(323,76,'EL AGUILA'),(324,13,'EL CARMEN DE BOLIVAR'),(325,15,'EL COCUY'),(326,41,'ELIAS'),(327,25,'EL COLEGIO'),(328,27,'EL CARMEN DE ATRATO'),(329,47,'EL BANCO'),(330,50,'EL CALVARIO'),(331,54,'EL CARMEN'),(332,68,'EL GUACAMAYO'),(333,76,'EL CAIRO'),(334,18,'EL DONCELLO'),(335,13,'EL GUAMO'),(336,15,'EL ESPINO'),(337,76,'EL CERRITO'),(338,5,'EL BAGRE'),(339,20,'EL PASO'),(340,27,'EL LITORAL DEL SAN J'),(341,52,'EL CHARCO'),(342,54,'EL TARRA'),(343,68,'EL PE¥ON'),(344,76,'EL DOVIO'),(345,85,'PAZ DE ARIPORO'),(346,50,'EL CASTILLO'),(347,52,'EL PE¥OL'),(348,68,'EL PLAYON'),(349,18,'EL PAUJIL'),(350,19,'EL TAMBO'),(351,52,'EL ROSARIO'),(352,25,'EL PE¥ON'),(353,47,'EL PI¥ON'),(354,52,'EL TABLON DE GOMEZ'),(355,25,'EL ROSAL'),(356,52,'EL TAMBO'),(357,54,'EL ZULIA'),(358,85,'PORE'),(359,91,'EL ENCANTO'),(360,5,'ENTRERRIOS'),(361,68,'ENCINO'),(362,70,'GUARANDA'),(363,5,'ENVIGADO'),(364,68,'ENCISO'),(365,13,'EL PE¥ON'),(366,47,'EL RETEN'),(367,73,'ESPINAL'),(368,25,'FACATATIVA'),(369,50,'EL DORADO'),(370,73,'FALAN'),(371,68,'FLORIAN'),(372,15,'FIRAVITOBA'),(373,17,'FILADELFIA'),(374,63,'FILANDIA'),(375,73,'FLANDES'),(376,76,'FLORIDA'),(377,15,'FLORESTA'),(378,68,'FLORIDABLANCA'),(379,25,'FOMEQUE'),(380,44,'FONSECA'),(381,85,'RECETOR'),(382,25,'FOSCA'),(383,5,'FREDONIA'),(384,73,'FRESNO'),(385,5,'FRONTINO'),(386,25,'FUNZA'),(387,50,'FUENTE DE ORO'),(388,52,'FUNES'),(389,25,'FUQUENE'),(390,47,'FUNDACION'),(391,19,'FLORENCIA'),(392,25,'FUSAGASUGA'),(393,15,'GACHANTIVA'),(394,25,'GACHALA'),(395,20,'GAMARRA'),(396,25,'GACHANCIPA'),(397,8,'GALAPA'),(398,15,'GAMEZA'),(399,68,'GALAN'),(400,25,'GACHETA'),(401,41,'GARZON'),(402,68,'GAMBITA'),(403,15,'GARAGOA'),(404,25,'GAMA'),(405,13,'HATILLO DE LOBA'),(406,19,'GUACHENE'),(407,23,'COTORRA'),(408,81,'FORTUL'),(409,85,'SABANALARGA'),(410,63,'GENOVA'),(411,5,'GIRALDO'),(412,41,'GIGANTE'),(413,76,'GINEBRA'),(414,25,'GIRARDOT'),(415,68,'GIRON'),(416,5,'GIRARDOTA'),(417,5,'GOMEZ PLATA'),(418,20,'GONZALEZ'),(419,25,'GRANADA'),(420,5,'GRANADA'),(421,50,'GRANADA'),(422,54,'GRAMALOTE'),(423,5,'GUADALUPE'),(424,85,'SACAMA'),(425,15,'GUACAMAYAS'),(426,25,'GUACHETA'),(427,52,'GUACHUCAL'),(428,5,'GUARNE'),(429,19,'GUAPI'),(430,47,'GUAMAL'),(431,50,'GUAMAL'),(432,66,'GUATICA'),(433,68,'GUACA'),(434,76,'GUACARI'),(435,41,'GUADALUPE'),(436,73,'GUAMO'),(437,25,'GUADUAS'),(438,52,'GUAITARILLA'),(439,68,'GUADALUPE'),(440,86,'ORITO'),(441,5,'GUATAPE'),(442,15,'GUATEQUE'),(443,25,'GUASCA'),(444,68,'GUAPOTA'),(445,52,'GUALMATAN'),(446,25,'GUATAQUI'),(447,68,'GUAVATA'),(448,15,'GUAYATA'),(449,50,'MAPIRIPAN'),(450,85,'SAN LUIS DE PALENQUE'),(451,25,'GUATAVITA'),(452,68,'GsEPSA'),(453,25,'GUAYABAL DE SIQUIMA'),(454,50,'MESETAS'),(455,15,'GsICAN'),(456,25,'GUAYABETAL'),(457,25,'GUTIERREZ'),(458,94,'BARRANCO MINAS'),(459,54,'HACARI'),(460,68,'HATO'),(461,5,'HELICONIA'),(462,54,'HERRAN'),(463,73,'HERVEO'),(464,41,'HOBO'),(465,73,'HONDA'),(466,23,'LA APARTADA'),(467,50,'LA MACARENA'),(468,52,'ILES'),(469,73,'ICONONZO'),(470,5,'HISPANIA'),(471,52,'IMUES'),(472,19,'INZA'),(473,52,'IPIALES'),(474,41,'IQUIRA'),(475,41,'ISNOS'),(476,5,'ITAGUI'),(477,5,'ITUANGO'),(478,27,'ISTMINA'),(479,15,'IZA'),(480,5,'JARDIN'),(481,19,'JAMBALO'),(482,76,'JAMUNDI'),(483,15,'JENESANO'),(484,5,'JERICO'),(485,15,'JERICO'),(486,25,'JERUSALEN'),(487,68,'JESUS MARIA'),(488,50,'URIBE'),(489,68,'JORDAN'),(490,8,'JUAN DE ACOSTA'),(491,25,'JUNIN'),(492,27,'JURADO'),(493,5,'LA CEJA'),(494,15,'LABRANZAGRANDE'),(495,25,'LA CALERA'),(496,54,'LABATECA'),(497,68,'LA BELLEZA'),(498,76,'LA CUMBRE'),(499,41,'LA ARGENTINA'),(500,44,'HATONUEVO'),(501,52,'LA CRUZ'),(502,5,'LA ESTRELLA'),(503,15,'LA CAPILLA'),(504,17,'LA DORADA'),(505,52,'LA FLORIDA'),(506,20,'LA GLORIA'),(507,66,'LA CELIA'),(508,52,'LA LLANADA'),(509,54,'LA ESPERANZA'),(510,68,'LANDAZURI'),(511,25,'LA MESA'),(512,17,'LA MERCED'),(513,5,'LA PINTADA'),(514,52,'LA TOLA'),(515,19,'LA SIERRA'),(516,25,'LA PALMA'),(517,41,'LA PLATA'),(518,19,'LA VEGA'),(519,68,'LA PAZ'),(520,25,'LA PE¥A'),(521,54,'LA PLAYA'),(522,52,'LA UNION'),(523,5,'LA UNION'),(524,20,'LA JAGUA DE IBIRICO'),(525,50,'LEJANIAS'),(526,66,'LA VIRGINIA'),(527,70,'LA UNION'),(528,76,'LA UNION'),(529,85,'TAMARA'),(530,15,'LA VICTORIA'),(531,63,'LA TEBAIDA'),(532,25,'LA VEGA'),(533,15,'LA UVITA'),(534,76,'LA VICTORIA'),(535,52,'LEIVA'),(536,54,'LOS PATIOS'),(537,91,'LA CHORRERA'),(538,68,'LEBRIJA'),(539,15,'VILLA DE LEYVA'),(540,25,'LENGUAZAQUE'),(541,91,'LA PEDRERA'),(542,73,'LERIDA'),(543,18,'LA MONTA¥ITA'),(544,85,'TAURAMENA'),(545,5,'LIBORINA'),(546,52,'LINARES'),(547,73,'LIBANO'),(548,27,'LLORO'),(549,23,'LORICA'),(550,19,'LOPEZ'),(551,52,'LOS ANDES'),(552,54,'LOURDES'),(553,68,'LOS SANTOS'),(554,70,'LOS PALMITOS'),(555,23,'LOS CORDOBAS'),(556,44,'LA JAGUA DEL PILAR'),(557,8,'LURUACO'),(558,5,'MACEO'),(559,15,'MACANAL'),(560,27,'MEDIO ATRATO'),(561,68,'MACARAVITA'),(562,25,'MACHETA'),(563,52,'MAGsI'),(564,70,'MAJAGUAL'),(565,13,'MAGANGUE'),(566,25,'MADRID'),(567,27,'MEDIO BAUDO'),(568,44,'MAICAO'),(569,85,'TRINIDAD'),(570,91,'LA VICTORIA'),(571,68,'MALAGA'),(572,8,'MALAMBO'),(573,13,'MAHATES'),(574,17,'MANZANARES'),(575,52,'MALLAMA'),(576,8,'MANATI'),(577,25,'MANTA'),(578,25,'MEDINA'),(579,5,'MARINILLA'),(580,13,'MARGARITA'),(581,66,'MARSELLA'),(582,85,'VILLANUEVA'),(583,13,'MARIA LA BAJA'),(584,15,'MARIPI'),(585,17,'MARMATO'),(586,20,'MANAURE'),(587,73,'MARIQUITA'),(588,17,'MARQUETALIA'),(589,68,'MATANZA'),(590,17,'MARULANDA'),(591,73,'MELGAR'),(592,19,'MERCADERES'),(593,27,'MEDIO SAN JUAN'),(594,50,'PUERTO CONCORDIA'),(595,15,'MIRAFLORES'),(596,19,'MIRANDA'),(597,66,'MISTRATO'),(598,13,'MONTECRISTO'),(599,18,'MILAN'),(600,47,'NUEVA GRANADA'),(601,91,'MIRITI - PARANA'),(602,73,'MURILLO'),(603,15,'MONGUA'),(604,23,'MOMIL'),(605,68,'MOGOTES'),(606,15,'MONGUI'),(607,23,'MONTELIBANO'),(608,5,'MONTEBELLO'),(609,13,'MOMPOS'),(610,68,'MOLAGAVITA'),(611,15,'MONIQUIRA'),(612,63,'MONTENEGRO'),(613,13,'MORALES'),(614,19,'MORALES'),(615,25,'MOSQUERA'),(616,52,'MOSQUERA'),(617,70,'MORROA'),(618,5,'MURINDO'),(619,15,'MOTAVITA'),(620,18,'MORELIA'),(621,5,'MUTATA'),(622,15,'MUZO'),(623,52,'NARI¥O'),(624,54,'MUTISCUA'),(625,5,'NARI¥O'),(626,25,'NARI¥O'),(627,41,'NATAGA'),(628,73,'NATAGAIMA'),(629,17,'NEIRA'),(630,25,'NEMOCON'),(631,25,'NILO'),(632,25,'NIMAIMA'),(633,5,'NECOCLI'),(634,13,'NOROSI'),(635,52,'OLAYA HERRERA'),(636,15,'NOBSA'),(637,25,'NOCAIMA'),(638,27,'NOVITA'),(639,15,'NUEVO COLON'),(640,5,'NECHI'),(641,17,'NORCASIA'),(642,27,'NUQUI'),(643,76,'OBANDO'),(644,54,'OCA¥A'),(645,68,'OCAMONTE'),(646,15,'OICATA'),(647,23,'MO¥ITOS'),(648,68,'OIBA'),(649,5,'OLAYA'),(650,68,'ONZAGA'),(651,41,'OPORAPA'),(652,73,'ORTEGA'),(653,25,'VENECIA'),(654,52,'OSPINA'),(655,15,'OTANCHE'),(656,70,'OVEJAS'),(657,15,'PACHAVITA'),(658,97,'PACOA'),(659,17,'PACORA'),(660,19,'PADILLA'),(661,25,'PACHO'),(662,15,'PAEZ'),(663,15,'PAIPA'),(664,19,'PAEZ'),(665,20,'PAILITAS'),(666,15,'PAJARITO'),(667,25,'PAIME'),(668,41,'PAICOL'),(669,54,'PAMPLONA'),(670,8,'PALMAR DE VARELA'),(671,52,'FRANCISCO PIZARRO'),(672,54,'PAMPLONITA'),(673,73,'PALOCABILDO'),(674,76,'PALMIRA'),(675,15,'PANQUEBA'),(676,68,'PALMAR'),(677,70,'PALMITO'),(678,17,'PALESTINA'),(679,25,'PANDI'),(680,41,'PALERMO'),(681,68,'PALMAS DEL SOCORRO'),(682,99,'LA PRIMAVERA'),(683,25,'PARATEBUENO'),(684,41,'PALESTINA'),(685,91,'PUERTO ALEGRIA'),(686,15,'PAUNA'),(687,19,'PATIA'),(688,15,'PAYA'),(689,19,'PIAMONTE'),(690,68,'PARAMO'),(691,25,'PASCA'),(692,91,'PUERTO ARICA'),(693,15,'PAZ DE RIO'),(694,52,'POLICARPA'),(695,91,'PUERTO NARI¥O'),(696,5,'PEÑOL'),(697,17,'PENSILVANIA'),(698,47,'PEDRAZA'),(699,15,'PESCA'),(700,5,'PEQUE'),(701,47,'PIJI¥O DEL CARMEN'),(702,68,'PIEDECUESTA'),(703,73,'PIEDRAS'),(704,19,'PIENDAMO'),(705,41,'PITAL'),(706,63,'PIJAO'),(707,8,'PIOJO'),(708,13,'PINILLOS'),(709,68,'PINCHOTE'),(710,15,'PISBA'),(711,20,'PELAYA'),(712,41,'PITALITO'),(713,47,'PIVIJAY'),(714,54,'PUERTO SANTANDER'),(715,23,'PLANETA RICA'),(716,47,'PLATO'),(717,73,'PLANADAS'),(718,8,'POLONUEVO'),(719,8,'PONEDERA'),(720,44,'MANAURE'),(721,52,'POTOSI'),(722,73,'PRADO'),(723,76,'PRADERA'),(724,88,'PROVIDENCIA'),(725,52,'PROVIDENCIA'),(726,50,'PUERTO GAITAN'),(727,86,'PUERTO ASIS'),(728,86,'PUERTO CAICEDO'),(729,20,'PUEBLO BELLO'),(730,23,'PUEBLO NUEVO'),(731,47,'PUEBLOVIEJO'),(732,86,'PUERTO GUZMAN'),(733,15,'PUERTO BOYACA'),(734,25,'PUERTO SALGAR'),(735,66,'PUEBLO RICO'),(736,68,'PUENTE NACIONAL'),(737,8,'PUERTO COLOMBIA'),(738,19,'PUERTO TEJADA'),(739,50,'PUERTO LOPEZ'),(740,52,'PUERRES'),(741,68,'PUERTO PARRA'),(742,86,'LEGUIZAMO'),(743,23,'PUERTO ESCONDIDO'),(744,68,'PUERTO WILCHES'),(745,5,'PUEBLORRICO'),(746,50,'PUERTO LLERAS'),(747,5,'PUERTO BERRIO'),(748,13,'REGIDOR'),(749,15,'QUIPAMA'),(750,23,'PUERTO LIBERTADOR'),(751,25,'PULI'),(752,27,'RIO IRO'),(753,5,'PUERTO NARE'),(754,19,'PURACE'),(755,52,'PUPIALES'),(756,73,'PURIFICACION'),(757,23,'PURISIMA'),(758,50,'PUERTO RICO'),(759,5,'PUERTO TRIUNFO'),(760,81,'PUERTO RONDON'),(761,18,'PUERTO RICO'),(762,25,'QUEBRADANEGRA'),(763,25,'QUETAME'),(764,63,'QUIMBAYA'),(765,66,'QUINCHIA'),(766,25,'QUIPILE'),(767,15,'RAMIRIQUI'),(768,25,'APULO'),(769,54,'RAGONVALIA'),(770,13,'RIO VIEJO'),(771,15,'RAQUIRA'),(772,27,'RIO QUITO'),(773,5,'REMEDIOS'),(774,47,'REMOLINO'),(775,8,'REPELON'),(776,50,'RESTREPO'),(777,76,'RESTREPO'),(778,5,'RETIRO'),(779,18,'SAN JOSE DEL FRAGUA'),(780,25,'RICAURTE'),(781,52,'RICAURTE'),(782,17,'RIOSUCIO'),(783,20,'RIO DE ORO'),(784,5,'RIONEGRO'),(785,27,'RIOSUCIO'),(786,41,'RIVERA'),(787,68,'RIONEGRO'),(788,17,'RISARALDA'),(789,73,'RIOBLANCO'),(790,76,'RIOFRIO'),(791,13,'SAN CRISTOBAL'),(792,15,'RONDON'),(793,20,'LA PAZ'),(794,52,'ROBERTO PAYAN'),(795,19,'ROSAS'),(796,73,'RONCESVALLES'),(797,76,'ROLDANILLO'),(798,73,'ROVIRA'),(799,99,'SANTA ROSALIA'),(800,5,'SABANALARGA'),(801,5,'SABANETA'),(802,15,'SABOYA'),(803,8,'SABANAGRANDE'),(804,8,'SABANALARGA'),(805,15,'SACHICA'),(806,5,'SALGAR'),(807,25,'SAN ANTONIO DEL TEQU'),(808,15,'SAMACA'),(809,5,'SAN ANDRES DE CUERQU'),(810,13,'SAN ESTANISLAO'),(811,5,'SAN CARLOS'),(812,25,'SAN BERNARDO'),(813,13,'SAN FERNANDO'),(814,44,'SAN JUAN DEL CESAR'),(815,5,'SAN FRANCISCO'),(816,17,'SALAMINA'),(817,25,'SAN CAYETANO'),(818,13,'SAN JACINTO'),(819,13,'SAN JACINTO DEL CAUC'),(820,68,'SABANA DE TORRES'),(821,5,'SAN JERONIMO'),(822,13,'SAN JUAN NEPOMUCENO'),(823,5,'SAN JOSE DE LA MONTA'),(824,25,'SAN FRANCISCO'),(825,5,'SAN JUAN DE URABA'),(826,5,'SAN LUIS'),(827,15,'SAN EDUARDO'),(828,23,'SAHAGUN'),(829,27,'SAN JOSE DEL PALMAR'),(830,41,'SALADOBLANCO'),(831,47,'SABANAS DE SAN ANGEL'),(832,54,'SALAZAR'),(833,17,'SAMANA'),(834,25,'SAN JUAN DE RIO SECO'),(835,94,'MAPIRIPANA'),(836,5,'SAN PEDRO'),(837,15,'SAN JOSE DE PARE'),(838,5,'SAN PEDRO DE URABA'),(839,17,'SAN JOSE'),(840,97,'TARAIRA'),(841,5,'SAN RAFAEL'),(842,13,'SAN MARTIN DE LOBA'),(843,15,'SAN LUIS DE GACENO'),(844,41,'SAN AGUSTIN'),(845,68,'SAN ANDRES'),(846,91,'PUERTO SANTANDER'),(847,5,'SAN ROQUE'),(848,13,'SAN PABLO'),(849,23,'SAN ANDRES SOTAVENTO'),(850,54,'SAN CALIXTO'),(851,70,'SAMPUES'),(852,76,'SAN PEDRO'),(853,73,'SALDA¥A'),(854,23,'SAN ANTERO'),(855,13,'SANTA CATALINA'),(856,15,'SAN MATEO'),(857,54,'SAN CAYETANO'),(858,68,'SAN BENITO'),(859,5,'SAN VICENTE'),(860,8,'SANTA LUCIA'),(861,23,'SAN BERNARDO DEL VIE'),(862,47,'SALAMINA'),(863,73,'SAN ANTONIO'),(864,15,'SAN MIGUEL DE SEMA'),(865,41,'SANTA MARIA'),(866,23,'SAN CARLOS'),(867,52,'SAMANIEGO'),(868,70,'SAN BENITO ABAD'),(869,73,'SAN LUIS'),(870,5,'SANTA BARBARA'),(871,68,'SAN GIL'),(872,50,'SAN CARLOS DE GUAROA'),(873,54,'SANTIAGO'),(874,15,'SAN PABLO DE BORBUR'),(875,66,'SANTA ROSA DE CABAL'),(876,68,'SAN JOAQUIN'),(877,13,'SANTA ROSA'),(878,50,'SAN JUAN DE ARAMA'),(879,52,'SANDONA'),(880,68,'SAN JOSE DE MIRANDA'),(881,8,'SANTO TOMAS'),(882,52,'SAN BERNARDO'),(883,5,'SANTA ROSA DE OSOS'),(884,15,'SANTANA'),(885,23,'SAN PELAYO'),(886,50,'SAN JUANITO'),(887,68,'SAN MIGUEL'),(888,73,'SANTA ISABEL'),(889,52,'SAN LORENZO'),(890,66,'SANTUARIO'),(891,13,'SANTA ROSA DEL SUR'),(892,50,'SAN MARTIN'),(893,68,'SAN VICENTE DE CHUCU'),(894,5,'SANTO DOMINGO'),(895,15,'SANTA MARIA'),(896,63,'SALENTO'),(897,47,'SAN SEBASTIAN DE BUE'),(898,15,'SANTA ROSA DE VITERB'),(899,19,'SAN SEBASTIAN'),(900,52,'SAN PABLO'),(901,52,'SAN PEDRO DE CARTAGO'),(902,15,'SANTA SOFIA'),(903,52,'SANTA BARBARA'),(904,5,'EL SANTUARIO'),(905,19,'SANTANDER DE QUILICH'),(906,52,'SANTACRUZ'),(907,19,'SANTA ROSA'),(908,70,'SAN JUAN DE BETULIA'),(909,47,'SAN ZENON'),(910,68,'SANTA BARBARA'),(911,47,'SANTA ANA'),(912,70,'SAN MARCOS'),(913,20,'SAN ALBERTO'),(914,50,'VISTAHERMOSA'),(915,70,'SAN ONOFRE'),(916,70,'SAN PEDRO'),(917,25,'SASAIMA'),(918,15,'SATIVANORTE'),(919,47,'SANTA BARBARA DE PIN'),(920,52,'SAPUYES'),(921,54,'SARDINATA'),(922,68,'SANTA HELENA DEL OPO'),(923,15,'SATIVASUR'),(924,5,'SEGOVIA'),(925,25,'SESQUILE'),(926,76,'SEVILLA'),(927,81,'SARAVENA'),(928,15,'SIACHOQUE'),(929,25,'SIBATE'),(930,70,'SAN LUIS DE SINCE'),(931,19,'SILVIA'),(932,25,'SILVANIA'),(933,54,'SILOS'),(934,13,'SIMITI'),(935,25,'SIMIJACA'),(936,27,'SIPI'),(937,47,'SITIONUEVO'),(938,68,'SIMACOTA'),(939,86,'SIBUNDOY'),(940,20,'SAN DIEGO'),(941,15,'SOATA'),(942,18,'SAN VICENTE DEL CAGU'),(943,25,'SOACHA'),(944,15,'SOCOTA'),(945,68,'SOCORRO'),(946,86,'SAN FRANCISCO'),(947,5,'SONSON'),(948,18,'SOLANO'),(949,15,'SOCHA'),(950,86,'SAN MIGUEL'),(951,8,'SOLEDAD'),(952,25,'SOPO'),(953,15,'SOGAMOSO'),(954,13,'SOPLAVIENTO'),(955,19,'SOTARA'),(956,86,'SANTIAGO'),(957,5,'SOPETRAN'),(958,15,'SOMONDOCO'),(959,15,'SORA'),(960,15,'SOTAQUIRA'),(961,15,'SORACA'),(962,25,'SUBACHOQUE'),(963,8,'SUAN'),(964,20,'SAN MARTIN'),(965,41,'SUAZA'),(966,68,'SUAITA'),(967,73,'SUAREZ'),(968,70,'SUCRE'),(969,25,'SUESCA'),(970,68,'SUCRE'),(971,99,'CUMARIBO'),(972,15,'SUSACON'),(973,15,'SUTAMARCHAN'),(974,17,'SUPIA'),(975,25,'SUPATA'),(976,97,'PAPUNAUA'),(977,15,'SUTATENZA'),(978,25,'SUSA'),(979,13,'TALAIGUA NUEVO'),(980,19,'SUAREZ'),(981,68,'SURATA'),(982,25,'SUTATAUSA'),(983,18,'SOLITA'),(984,19,'SUCRE'),(985,25,'TABIO'),(986,52,'TAMINANGO'),(987,20,'TAMALAMEQUE'),(988,27,'TADO'),(989,52,'TANGUA'),(990,5,'TAMESIS'),(991,5,'TARAZA'),(992,15,'TASCO'),(993,41,'TARQUI'),(994,5,'TARSO'),(995,25,'TAUSA'),(996,81,'TAME'),(997,25,'TENA'),(998,41,'TESALIA'),(999,15,'TENZA'),(1000,47,'TENERIFE'),(1001,91,'TARAPACA'),(1002,25,'TENJO'),(1003,41,'TELLO'),(1004,27,'UNGUIA'),(1005,54,'TEORAMA'),(1006,41,'TERUEL'),(1007,15,'TIBANA'),(1008,25,'TIBACUY'),(1009,15,'TIBASOSA'),(1010,19,'TIMBIO'),(1011,23,'TIERRALTA'),(1012,25,'TIBIRITA'),(1013,41,'TIMANA'),(1014,15,'TINJACA'),(1015,5,'TITIRIBI'),(1016,19,'TIMBIQUI'),(1017,13,'TIQUISIO'),(1018,15,'TIPACOQUE'),(1019,27,'UNION PANAMERICANA'),(1020,54,'TIBU'),(1021,15,'TOCA'),(1022,25,'TOCAIMA'),(1023,15,'TOGsI'),(1024,25,'TOCANCIPA'),(1025,5,'TOLEDO'),(1026,15,'TOPAGA'),(1027,54,'TOLEDO'),(1028,68,'TONA'),(1029,70,'SANTIAGO DE TOLU'),(1030,19,'TORIBIO'),(1031,15,'TOTA'),(1032,25,'TOPAIPI'),(1033,70,'TOLU VIEJO'),(1034,76,'TORO'),(1035,19,'TOTORO'),(1036,76,'TRUJILLO'),(1037,8,'TUBARA'),(1038,15,'TUNUNGUA'),(1039,76,'TULUA'),(1040,15,'TURMEQUE'),(1041,52,'SAN ANDRES DE TUMACO'),(1042,13,'TURBACO'),(1043,5,'TURBO'),(1044,15,'TUTA'),(1045,13,'TURBANA'),(1046,52,'TUQUERRES'),(1047,15,'TUTAZA'),(1048,25,'UBALA'),(1049,25,'UBAQUE'),(1050,5,'URAMITA'),(1051,15,'UMBITA'),(1052,25,'VILLA DE SAN DIEGO D'),(1053,19,'VILLA RICA'),(1054,25,'UNE'),(1055,76,'ULLOA'),(1056,5,'URRAO'),(1057,44,'URIBIA'),(1058,8,'USIACURI'),(1059,25,'UTICA'),(1060,5,'VALDIVIA'),(1061,73,'VALLE DE SAN JUAN'),(1062,23,'VALENCIA'),(1063,44,'URUMITA'),(1064,68,'VALLE DE SAN JOSE'),(1065,5,'VALPARAISO'),(1066,5,'VEGACHI'),(1067,18,'VALPARAISO'),(1068,5,'VENECIA'),(1069,15,'VENTAQUEMADA'),(1070,68,'VELEZ'),(1071,73,'VENADILLO'),(1072,25,'VERGARA'),(1073,76,'VERSALLES'),(1074,86,'VALLE DEL GUAMUEZ'),(1075,17,'VICTORIA'),(1076,25,'VIANI'),(1077,68,'VETAS'),(1078,76,'VIJES'),(1079,73,'VILLAHERMOSA'),(1080,25,'VILLAGOMEZ'),(1081,54,'VILLA CARO'),(1082,41,'VILLAVIEJA'),(1083,68,'VILLANUEVA'),(1084,5,'VIGIA DEL FUERTE'),(1085,13,'VILLANUEVA'),(1086,17,'VILLAMARIA'),(1087,25,'VILLAPINZON'),(1088,73,'VILLARRICA'),(1089,44,'VILLANUEVA'),(1090,54,'VILLA DEL ROSARIO'),(1091,25,'VILLETA'),(1092,17,'VITERBO'),(1093,25,'VIOTA'),(1094,15,'VIRACACHA'),(1095,94,'SAN FELIPE'),(1096,94,'PUERTO COLOMBIA'),(1097,5,'YALI'),(1098,25,'YACOPI'),(1099,41,'YAGUARA'),(1100,52,'YACUANQUER'),(1101,86,'VILLAGARZON'),(1102,94,'LA GUADALUPE'),(1103,94,'CACAHUAL'),(1104,5,'YARUMAL'),(1105,94,'PANA PANA'),(1106,94,'MORICHAL'),(1107,97,'YAVARATE'),(1108,5,'YOLOMBO'),(1109,76,'YOTOCO'),(1110,76,'YUMBO'),(1111,5,'YONDO'),(1112,13,'ZAMBRANO'),(1113,5,'ZARAGOZA'),(1114,68,'ZAPATOCA'),(1115,76,'ZARZAL'),(1116,15,'ZETAQUIRA'),(1117,25,'ZIPACON'),(1118,25,'ZIPAQUIRA'),(1119,47,'ZAPAYAN'),(1120,47,'ZONA BANANERA');
/*!40000 ALTER TABLE `ciudad` ENABLE KEYS */;
UNLOCK TABLES;

--
-- Table structure for table `departamento`
--

DROP TABLE IF EXISTS `departamento`;
/*!40101 SET @saved_cs_client     = @@character_set_client */;
/*!50503 SET character_set_client = utf8mb4 */;
CREATE TABLE `departamento` (
  `id_departamento` int NOT NULL,
  `nombre` varchar(45) CHARACTER SET utf8 COLLATE utf8_spanish_ci DEFAULT NULL,
  PRIMARY KEY (`id_departamento`)
) ENGINE=InnoDB DEFAULT CHARSET=utf8 COLLATE=utf8_spanish_ci;
/*!40101 SET character_set_client = @saved_cs_client */;

--
-- Dumping data for table `departamento`
--

LOCK TABLES `departamento` WRITE;
/*!40000 ALTER TABLE `departamento` DISABLE KEYS */;
INSERT INTO `departamento` VALUES (5,'ANTIOQUIA'),(8,'ATLANTICO'),(11,'BOGOTA'),(13,'BOLIVAR'),(15,'BOYACA'),(17,'CALDAS'),(18,'CAQUETA'),(19,'CAUCA'),(20,'CESAR'),(23,'CORDOBA'),(25,'CUNDINAMARCA'),(27,'CHOCO'),(41,'HUILA'),(44,'LA GUAJIRA'),(47,'MAGDALENA'),(50,'META'),(52,'NARINIO'),(54,'N. DE SANTANDER'),(63,'QUINDIO'),(66,'RISARALDA'),(68,'SANTANDER'),(70,'SUCRE'),(73,'TOLIMA'),(76,'VALLE DEL CAUCA'),(81,'ARAUCA'),(85,'CASANARE'),(86,'PUTUMAYO'),(88,'SAN ANDRES'),(91,'AMAZONAS'),(94,'GUAINIA'),(95,'GUAVIARE'),(97,'VAUPES'),(99,'VICHADA');
/*!40000 ALTER TABLE `departamento` ENABLE KEYS */;
UNLOCK TABLES;

--
-- Table structure for table `establecimiento`
--

DROP TABLE IF EXISTS `establecimiento`;
/*!40101 SET @saved_cs_client     = @@character_set_client */;
/*!50503 SET character_set_client = utf8mb4 */;
CREATE TABLE `establecimiento` (
  `id_establecimiento` int NOT NULL AUTO_INCREMENT,
  `id_representante` int NOT NULL,
  `id_tipo_doc` int NOT NULL,
  `num_doc` double DEFAULT NULL,
  `razon_social` varchar(100) CHARACTER SET utf8 COLLATE utf8_spanish_ci DEFAULT NULL,
  `telefono` varchar(45) CHARACTER SET utf8 COLLATE utf8_spanish_ci DEFAULT NULL,
  `direccion_principal` varchar(150) CHARACTER SET utf8 COLLATE utf8_spanish_ci DEFAULT NULL,
  `fecha_registro` datetime DEFAULT NULL,
  `estado_registro` varchar(45) CHARACTER SET utf8 COLLATE utf8_spanish_ci DEFAULT NULL,
  PRIMARY KEY (`id_establecimiento`),
  KEY `fk_establecimiento_tipo_doc_idx` (`id_tipo_doc`),
  KEY `fk_establecimiento_representante1_idx` (`id_representante`),
  CONSTRAINT `fk_establecimiento_representante1` FOREIGN KEY (`id_representante`) REFERENCES `representante` (`id_representante`),
  CONSTRAINT `fk_establecimiento_tipo_doc` FOREIGN KEY (`id_tipo_doc`) REFERENCES `tipo_doc` (`id_tipo_doc`)
) ENGINE=InnoDB AUTO_INCREMENT=2 DEFAULT CHARSET=utf8 COLLATE=utf8_spanish_ci;
/*!40101 SET character_set_client = @saved_cs_client */;

--
-- Dumping data for table `establecimiento`
--

LOCK TABLES `establecimiento` WRITE;
/*!40000 ALTER TABLE `establecimiento` DISABLE KEYS */;
INSERT INTO `establecimiento` VALUES (1,1,5,90098472,'Tu Ensayadero','3144352585','Cll 15 # 12 - 17 Chapinero','2020-09-20 22:48:05','Activo');
/*!40000 ALTER TABLE `establecimiento` ENABLE KEYS */;
UNLOCK TABLES;

--
-- Table structure for table `estado_reserva`
--

DROP TABLE IF EXISTS `estado_reserva`;
/*!40101 SET @saved_cs_client     = @@character_set_client */;
/*!50503 SET character_set_client = utf8mb4 */;
CREATE TABLE `estado_reserva` (
  `id_estado_reserva` int NOT NULL,
  `estado` varchar(45) CHARACTER SET utf8 COLLATE utf8_spanish_ci DEFAULT NULL,
  `descripcion` varchar(100) CHARACTER SET utf8 COLLATE utf8_spanish_ci DEFAULT NULL,
  `tipo_alerta` varchar(45) CHARACTER SET utf8 COLLATE utf8_spanish_ci DEFAULT NULL,
  `fecha_registro` datetime DEFAULT NULL,
  `estado_registro` varchar(45) CHARACTER SET utf8 COLLATE utf8_spanish_ci DEFAULT NULL,
  PRIMARY KEY (`id_estado_reserva`)
) ENGINE=InnoDB DEFAULT CHARSET=utf8 COLLATE=utf8_spanish_ci;
/*!40101 SET character_set_client = @saved_cs_client */;

--
-- Dumping data for table `estado_reserva`
--

LOCK TABLES `estado_reserva` WRITE;
/*!40000 ALTER TABLE `estado_reserva` DISABLE KEYS */;
INSERT INTO `estado_reserva` VALUES (1,'Abierta','Solicitud abierta por confirmar','alert alert-success','2020-09-25 21:26:40','Activo'),(2,'Confirmada','Solicitud confirmada','alert alert-warning','2020-09-25 21:26:40','Activo'),(3,'Cancelada','Solicitud cancelada','alert alert-danger','2020-09-25 21:26:40','Activo'),(4,'Recargos','Solicitud con recargos adicionales','alert alert-info','2020-09-25 21:26:40','Activo'),(5,'Finalizada','Solicitud finalizada','alert alert-secondary','2020-09-25 21:26:40','Activo'),(6,'Calificada','Solicitud calificada','alert alert-secondary','2020-11-16 10:49:25','Activo');
/*!40000 ALTER TABLE `estado_reserva` ENABLE KEYS */;
UNLOCK TABLES;

--
-- Table structure for table `favorito`
--

DROP TABLE IF EXISTS `favorito`;
/*!40101 SET @saved_cs_client     = @@character_set_client */;
/*!50503 SET character_set_client = utf8mb4 */;
CREATE TABLE `favorito` (
  `id_usuario` int NOT NULL,
  `id_sala` int NOT NULL,
  `fecha_registro` datetime DEFAULT NULL,
  `estado_registro` varchar(45) CHARACTER SET utf8 COLLATE utf8_spanish_ci DEFAULT NULL,
  PRIMARY KEY (`id_usuario`,`id_sala`),
  KEY `fk_favorito_usuario1_idx` (`id_usuario`),
  KEY `fk_favorito_sala1_idx` (`id_sala`),
  CONSTRAINT `fk_favorito_sala1` FOREIGN KEY (`id_sala`) REFERENCES `sala` (`id_sala`),
  CONSTRAINT `fk_favorito_usuario1` FOREIGN KEY (`id_usuario`) REFERENCES `usuario` (`id_usuario`)
) ENGINE=InnoDB DEFAULT CHARSET=utf8 COLLATE=utf8_spanish_ci;
/*!40101 SET character_set_client = @saved_cs_client */;

--
-- Dumping data for table `favorito`
--

LOCK TABLES `favorito` WRITE;
/*!40000 ALTER TABLE `favorito` DISABLE KEYS */;
/*!40000 ALTER TABLE `favorito` ENABLE KEYS */;
UNLOCK TABLES;

--
-- Table structure for table `gasto`
--

DROP TABLE IF EXISTS `gasto`;
/*!40101 SET @saved_cs_client     = @@character_set_client */;
/*!50503 SET character_set_client = utf8mb4 */;
CREATE TABLE `gasto` (
  `id_gasto` int NOT NULL AUTO_INCREMENT,
  `id_sucursal` int NOT NULL,
  `id_tipo_gasto` int NOT NULL,
  `monto` double DEFAULT NULL,
  `fecha_gasto` date DEFAULT NULL,
  `comentarios` text CHARACTER SET utf8 COLLATE utf8_spanish_ci,
  `fecha_registro` datetime DEFAULT NULL,
  `estado_registro` varchar(45) CHARACTER SET utf8 COLLATE utf8_spanish_ci DEFAULT NULL,
  PRIMARY KEY (`id_gasto`),
  KEY `fk_gasto_sucursal1_idx` (`id_sucursal`),
  KEY `fk_gasto_tipo_gasto1_idx` (`id_tipo_gasto`),
  CONSTRAINT `fk_gasto_sucursal1` FOREIGN KEY (`id_sucursal`) REFERENCES `sucursal` (`id_sucursal`),
  CONSTRAINT `fk_gasto_tipo_gasto1` FOREIGN KEY (`id_tipo_gasto`) REFERENCES `tipo_gasto` (`id_tipo_gasto`)
) ENGINE=InnoDB AUTO_INCREMENT=15 DEFAULT CHARSET=utf8 COLLATE=utf8_spanish_ci;
/*!40101 SET character_set_client = @saved_cs_client */;

--
-- Dumping data for table `gasto`
--

LOCK TABLES `gasto` WRITE;
/*!40000 ALTER TABLE `gasto` DISABLE KEYS */;
INSERT INTO `gasto` VALUES (2,1,3,530000,'2020-10-18','Pago del arriendo','2020-10-18 10:13:05','Inactivo'),(3,1,7,800000,'2020-10-18','Seguridad','2020-10-18 10:13:05','Activo'),(4,1,4,500000,'2020-10-19','Pago equipo','2020-10-18 10:13:05','Activo'),(5,1,3,850000,'2020-10-18',NULL,'2020-10-18 12:17:03','Activo'),(6,1,7,150000,'2020-10-10',NULL,'2020-10-18 12:17:03','Activo'),(7,1,6,50000,'2020-10-15',NULL,'2020-10-18 12:17:03','Activo'),(8,1,3,850000,'2020-10-18','prueba a','2020-10-18 12:18:12','Activo'),(9,1,7,150000,'2020-10-10','prueba b','2020-10-18 12:18:12','Activo'),(10,1,6,50000,'2020-10-15','prueba c','2020-10-18 12:18:12','Activo'),(11,1,1,50000,'2020-11-05','Prueba de cargue masivo 1','2020-11-05 19:36:28','Activo'),(12,1,5,40000,'2020-11-06','Prueba de cargue masivo 2','2020-11-05 19:36:29','Activo'),(13,1,6,30000,'2020-11-07','Prueba de cargue masivo 3','2020-11-05 19:36:29','Activo'),(14,1,4,150000,'2020-11-09','Prueba','2020-11-17 19:22:54','Activo');
/*!40000 ALTER TABLE `gasto` ENABLE KEYS */;
UNLOCK TABLES;

--
-- Table structure for table `imagen`
--

DROP TABLE IF EXISTS `imagen`;
/*!40101 SET @saved_cs_client     = @@character_set_client */;
/*!50503 SET character_set_client = utf8mb4 */;
CREATE TABLE `imagen` (
  `id_imagen` int NOT NULL AUTO_INCREMENT,
  `id_activo` int DEFAULT NULL,
  `id_sala` int DEFAULT NULL,
  `ruta` varchar(100) CHARACTER SET utf8 COLLATE utf8_spanish_ci DEFAULT NULL,
  `tipo` varchar(45) CHARACTER SET utf8 COLLATE utf8_spanish_ci NOT NULL,
  `fecha_registro` datetime DEFAULT NULL,
  `estado_registro` varchar(45) CHARACTER SET utf8 COLLATE utf8_spanish_ci DEFAULT NULL,
  PRIMARY KEY (`id_imagen`),
  KEY `fk_imagen_activo1_idx` (`id_activo`),
  KEY `fk_imagen_sala1_idx` (`id_sala`),
  CONSTRAINT `fk_imagen_activo1` FOREIGN KEY (`id_activo`) REFERENCES `activo` (`id_activo`),
  CONSTRAINT `fk_imagen_sala1` FOREIGN KEY (`id_sala`) REFERENCES `sala` (`id_sala`)
) ENGINE=InnoDB DEFAULT CHARSET=utf8 COLLATE=utf8_spanish_ci;
/*!40101 SET character_set_client = @saved_cs_client */;

--
-- Dumping data for table `imagen`
--

LOCK TABLES `imagen` WRITE;
/*!40000 ALTER TABLE `imagen` DISABLE KEYS */;
/*!40000 ALTER TABLE `imagen` ENABLE KEYS */;
UNLOCK TABLES;

--
-- Table structure for table `lineamiento_calificacion`
--

DROP TABLE IF EXISTS `lineamiento_calificacion`;
/*!40101 SET @saved_cs_client     = @@character_set_client */;
/*!50503 SET character_set_client = utf8mb4 */;
CREATE TABLE `lineamiento_calificacion` (
  `id_lineamiento_calificacion` int NOT NULL AUTO_INCREMENT,
  `nombre` varchar(100) CHARACTER SET utf8 COLLATE utf8_spanish_ci DEFAULT NULL,
  `descripcion` text CHARACTER SET utf8 COLLATE utf8_spanish_ci,
  `fecha_registro` datetime DEFAULT NULL,
  `estado_registro` varchar(45) CHARACTER SET utf8 COLLATE utf8_spanish_ci DEFAULT NULL,
  PRIMARY KEY (`id_lineamiento_calificacion`)
) ENGINE=InnoDB AUTO_INCREMENT=5 DEFAULT CHARSET=utf8 COLLATE=utf8_spanish_ci;
/*!40101 SET character_set_client = @saved_cs_client */;

--
-- Dumping data for table `lineamiento_calificacion`
--

LOCK TABLES `lineamiento_calificacion` WRITE;
/*!40000 ALTER TABLE `lineamiento_calificacion` DISABLE KEYS */;
INSERT INTO `lineamiento_calificacion` VALUES (1,'Sonido','Calidad del sonido en la sala','2020-11-15 22:28:45','Activo'),(2,'Instalaciones','Presentación de las instalaciones','2020-11-15 22:28:45','Activo'),(3,'Puntualidad','Puntualidad para atender el ensayo','2020-11-15 22:28:45','Activo'),(4,'Equipos','Calificación de equipos de la sala','2020-11-15 22:28:45','Activo');
/*!40000 ALTER TABLE `lineamiento_calificacion` ENABLE KEYS */;
UNLOCK TABLES;

--
-- Table structure for table `mantenimiento`
--

DROP TABLE IF EXISTS `mantenimiento`;
/*!40101 SET @saved_cs_client     = @@character_set_client */;
/*!50503 SET character_set_client = utf8mb4 */;
CREATE TABLE `mantenimiento` (
  `id_mantenimiento` int NOT NULL AUTO_INCREMENT,
  `id_movimiento` int NOT NULL,
  `id_proveedor` int NOT NULL,
  `fecha_ingreso` date DEFAULT NULL,
  `observaciones_ingreso` text CHARACTER SET utf8 COLLATE utf8_spanish_ci,
  `fecha_retorno` date DEFAULT NULL,
  `observaciones_retorno` text CHARACTER SET utf8 COLLATE utf8_spanish_ci,
  `fecha_registro` datetime DEFAULT NULL,
  `estado_registro` varchar(45) CHARACTER SET utf8 COLLATE utf8_spanish_ci DEFAULT NULL,
  PRIMARY KEY (`id_mantenimiento`),
  KEY `fk_mantenimiento_movimiento1_idx` (`id_movimiento`),
  KEY `fk_mantenimiento_proveedor1_idx` (`id_proveedor`),
  CONSTRAINT `fk_mantenimiento_movimiento1` FOREIGN KEY (`id_movimiento`) REFERENCES `movimiento_activo` (`id_movimiento`),
  CONSTRAINT `fk_mantenimiento_proveedor1` FOREIGN KEY (`id_proveedor`) REFERENCES `proveedor` (`id_proveedor`)
) ENGINE=InnoDB DEFAULT CHARSET=utf8 COLLATE=utf8_spanish_ci;
/*!40101 SET character_set_client = @saved_cs_client */;

--
-- Dumping data for table `mantenimiento`
--

LOCK TABLES `mantenimiento` WRITE;
/*!40000 ALTER TABLE `mantenimiento` DISABLE KEYS */;
/*!40000 ALTER TABLE `mantenimiento` ENABLE KEYS */;
UNLOCK TABLES;

--
-- Table structure for table `mensaje_contacto`
--

DROP TABLE IF EXISTS `mensaje_contacto`;
/*!40101 SET @saved_cs_client     = @@character_set_client */;
/*!50503 SET character_set_client = utf8mb4 */;
CREATE TABLE `mensaje_contacto` (
  `id_mensaje_contacto` bigint NOT NULL AUTO_INCREMENT,
  `apellido` varchar(255) CHARACTER SET utf8 COLLATE utf8_spanish_ci DEFAULT NULL,
  `asunto` varchar(255) CHARACTER SET utf8 COLLATE utf8_spanish_ci DEFAULT NULL,
  `correo` varchar(255) CHARACTER SET utf8 COLLATE utf8_spanish_ci DEFAULT NULL,
  `estado_registro` varchar(255) CHARACTER SET utf8 COLLATE utf8_spanish_ci DEFAULT NULL,
  `fecha_registro` datetime DEFAULT NULL,
  `mensaje` varchar(255) CHARACTER SET utf8 COLLATE utf8_spanish_ci DEFAULT NULL,
  `nombre` varchar(255) CHARACTER SET utf8 COLLATE utf8_spanish_ci DEFAULT NULL,
  PRIMARY KEY (`id_mensaje_contacto`)
) ENGINE=InnoDB AUTO_INCREMENT=6 DEFAULT CHARSET=utf8 COLLATE=utf8_spanish_ci;
/*!40101 SET character_set_client = @saved_cs_client */;

--
-- Dumping data for table `mensaje_contacto`
--

LOCK TABLES `mensaje_contacto` WRITE;
/*!40000 ALTER TABLE `mensaje_contacto` DISABLE KEYS */;
INSERT INTO `mensaje_contacto` VALUES (1,'garzon','prueba','felipegarxon@hotmail.com','Activo','2020-09-07 17:44:16','mensaje de contacto 07092020','felipe'),(2,'MORA','PRUEBA','JUANITA@CORREO.COM','Activo','2020-09-07 19:10:23','MENSAJE 2','JUANITA'),(3,'MARTINEZ','Prueba ','hugo@correo.com','Activo','2020-09-14 00:10:45','Mensaje de prueba 14092020','HUGO'),(4,'morales','prueba','martha@correo.com','Activo','2020-09-14 18:41:55','Mensaje de prueba desde la landing page','martha'),(5,'MORALES','Prueba','jmorales@corre.com','Activo','2020-09-16 16:24:12','16 09 2020','JORGE');
/*!40000 ALTER TABLE `mensaje_contacto` ENABLE KEYS */;
UNLOCK TABLES;

--
-- Table structure for table `movimiento_activo`
--

DROP TABLE IF EXISTS `movimiento_activo`;
/*!40101 SET @saved_cs_client     = @@character_set_client */;
/*!50503 SET character_set_client = utf8mb4 */;
CREATE TABLE `movimiento_activo` (
  `id_movimiento` int NOT NULL AUTO_INCREMENT,
  `id_activo` int NOT NULL,
  `id_sala` int DEFAULT NULL,
  `tipo_movimiento` varchar(45) CHARACTER SET utf8 COLLATE utf8_spanish_ci DEFAULT NULL COMMENT 'entrada-salida',
  `motivo` varchar(45) CHARACTER SET utf8 COLLATE utf8_spanish_ci DEFAULT NULL COMMENT 'uso sala - bodega - mantenimiento',
  `fecha_registro` datetime DEFAULT NULL,
  `estado_registro` varchar(45) CHARACTER SET utf8 COLLATE utf8_spanish_ci DEFAULT NULL,
  PRIMARY KEY (`id_movimiento`),
  KEY `fk_movimiento_activo1_idx` (`id_activo`),
  KEY `fk_movimiento_sala1_idx` (`id_sala`),
  CONSTRAINT `fk_movimiento_activo1` FOREIGN KEY (`id_activo`) REFERENCES `activo` (`id_activo`),
  CONSTRAINT `fk_movimiento_sala1` FOREIGN KEY (`id_sala`) REFERENCES `sala` (`id_sala`)
) ENGINE=InnoDB DEFAULT CHARSET=utf8 COLLATE=utf8_spanish_ci;
/*!40101 SET character_set_client = @saved_cs_client */;

--
-- Dumping data for table `movimiento_activo`
--

LOCK TABLES `movimiento_activo` WRITE;
/*!40000 ALTER TABLE `movimiento_activo` DISABLE KEYS */;
/*!40000 ALTER TABLE `movimiento_activo` ENABLE KEYS */;
UNLOCK TABLES;

--
-- Table structure for table `notificacion`
--

DROP TABLE IF EXISTS `notificacion`;
/*!40101 SET @saved_cs_client     = @@character_set_client */;
/*!50503 SET character_set_client = utf8mb4 */;
CREATE TABLE `notificacion` (
  `id_notificacion` int NOT NULL AUTO_INCREMENT,
  `id_usuario_envia` int NOT NULL,
  `id_usuario_recibe` int NOT NULL,
  `tipo_notificacion` varchar(60) CHARACTER SET utf8 COLLATE utf8_spanish_ci DEFAULT NULL,
  `mensaje` varchar(200) CHARACTER SET utf8 COLLATE utf8_spanish_ci DEFAULT NULL,
  `leida` tinyint DEFAULT NULL,
  `fecha_registro` datetime DEFAULT NULL,
  `estado_registro` varchar(45) CHARACTER SET utf8 COLLATE utf8_spanish_ci DEFAULT NULL,
  PRIMARY KEY (`id_notificacion`),
  KEY `fk_notificacion_usuario1_idx` (`id_usuario_envia`),
  KEY `fk_notificacion_usuario2_idx` (`id_usuario_recibe`),
  CONSTRAINT `fk_notificacion_usuario1` FOREIGN KEY (`id_usuario_envia`) REFERENCES `usuario` (`id_usuario`),
  CONSTRAINT `fk_notificacion_usuario2` FOREIGN KEY (`id_usuario_recibe`) REFERENCES `usuario` (`id_usuario`)
) ENGINE=InnoDB DEFAULT CHARSET=utf8 COLLATE=utf8_spanish_ci;
/*!40101 SET character_set_client = @saved_cs_client */;

--
-- Dumping data for table `notificacion`
--

LOCK TABLES `notificacion` WRITE;
/*!40000 ALTER TABLE `notificacion` DISABLE KEYS */;
/*!40000 ALTER TABLE `notificacion` ENABLE KEYS */;
UNLOCK TABLES;

--
-- Table structure for table `perfil`
--

DROP TABLE IF EXISTS `perfil`;
/*!40101 SET @saved_cs_client     = @@character_set_client */;
/*!50503 SET character_set_client = utf8mb4 */;
CREATE TABLE `perfil` (
  `id_perfil` int NOT NULL AUTO_INCREMENT,
  `nombre` varchar(45) CHARACTER SET utf8 COLLATE utf8_spanish_ci DEFAULT NULL,
  `descripcion` varchar(100) CHARACTER SET utf8 COLLATE utf8_spanish_ci DEFAULT NULL,
  PRIMARY KEY (`id_perfil`)
) ENGINE=InnoDB AUTO_INCREMENT=6 DEFAULT CHARSET=utf8 COLLATE=utf8_spanish_ci;
/*!40101 SET character_set_client = @saved_cs_client */;

--
-- Dumping data for table `perfil`
--

LOCK TABLES `perfil` WRITE;
/*!40000 ALTER TABLE `perfil` DISABLE KEYS */;
INSERT INTO `perfil` VALUES (1,'ADMINISTRADOR','ADMINISTRADOR DE LA SUCURSAL'),(2,'AUXILIAR','AUXILIAR DE BODEGA'),(3,'MUSICO','USUARIO MUSICO'),(4,'SUPERADMINISTRADOR','ADMINISTRACION DE VENTANAS DE MANTENIMIENTO');
/*!40000 ALTER TABLE `perfil` ENABLE KEYS */;
UNLOCK TABLES;

--
-- Table structure for table `persona`
--

DROP TABLE IF EXISTS `persona`;
/*!40101 SET @saved_cs_client     = @@character_set_client */;
/*!50503 SET character_set_client = utf8mb4 */;
CREATE TABLE `persona` (
  `codigo` int NOT NULL AUTO_INCREMENT,
  `apellidos` varchar(255) CHARACTER SET utf8 COLLATE utf8_spanish_ci DEFAULT NULL,
  `fechaNacimiento` datetime DEFAULT NULL,
  `nombres` varchar(255) CHARACTER SET utf8 COLLATE utf8_spanish_ci DEFAULT NULL,
  `sexo` varchar(255) CHARACTER SET utf8 COLLATE utf8_spanish_ci DEFAULT NULL,
  PRIMARY KEY (`codigo`)
) ENGINE=InnoDB AUTO_INCREMENT=10 DEFAULT CHARSET=utf8 COLLATE=utf8_spanish_ci;
/*!40101 SET character_set_client = @saved_cs_client */;

--
-- Dumping data for table `persona`
--

LOCK TABLES `persona` WRITE;
/*!40000 ALTER TABLE `persona` DISABLE KEYS */;
/*!40000 ALTER TABLE `persona` ENABLE KEYS */;
UNLOCK TABLES;

--
-- Table structure for table `proveedor`
--

DROP TABLE IF EXISTS `proveedor`;
/*!40101 SET @saved_cs_client     = @@character_set_client */;
/*!50503 SET character_set_client = utf8mb4 */;
CREATE TABLE `proveedor` (
  `id_proveedor` int NOT NULL AUTO_INCREMENT,
  `id_tipo_doc` int NOT NULL,
  `num_doc` varchar(45) CHARACTER SET utf8 COLLATE utf8_spanish_ci DEFAULT NULL,
  `razon_social` varchar(100) CHARACTER SET utf8 COLLATE utf8_spanish_ci DEFAULT NULL,
  `telefono` varchar(45) CHARACTER SET utf8 COLLATE utf8_spanish_ci DEFAULT NULL,
  `direccion` varchar(100) CHARACTER SET utf8 COLLATE utf8_spanish_ci DEFAULT NULL,
  `correo` varchar(100) CHARACTER SET utf8 COLLATE utf8_spanish_ci DEFAULT NULL,
  `fecha_registro` datetime DEFAULT NULL,
  `estado_registro` varchar(45) CHARACTER SET utf8 COLLATE utf8_spanish_ci DEFAULT NULL,
  PRIMARY KEY (`id_proveedor`),
  KEY `fk_proveedor_tipo_doc1_idx` (`id_tipo_doc`),
  CONSTRAINT `fk_proveedor_tipo_doc1` FOREIGN KEY (`id_tipo_doc`) REFERENCES `tipo_doc` (`id_tipo_doc`)
) ENGINE=InnoDB AUTO_INCREMENT=2 DEFAULT CHARSET=utf8 COLLATE=utf8_spanish_ci;
/*!40101 SET character_set_client = @saved_cs_client */;

--
-- Dumping data for table `proveedor`
--

LOCK TABLES `proveedor` WRITE;
/*!40000 ALTER TABLE `proveedor` DISABLE KEYS */;
INSERT INTO `proveedor` VALUES (1,2,'31231231','razon social mi empresa','as','as','proveedor@mail.com','2020-11-29 20:39:12','Activo');
/*!40000 ALTER TABLE `proveedor` ENABLE KEYS */;
UNLOCK TABLES;

--
-- Table structure for table `proveedor_contacto`
--

DROP TABLE IF EXISTS `proveedor_contacto`;
/*!40101 SET @saved_cs_client     = @@character_set_client */;
/*!50503 SET character_set_client = utf8mb4 */;
CREATE TABLE `proveedor_contacto` (
  `id_proveedor_contacto` int NOT NULL AUTO_INCREMENT,
  `id_proveedor` int NOT NULL,
  `nombre` varchar(45) CHARACTER SET utf8 COLLATE utf8_spanish_ci DEFAULT NULL,
  `apellido` varchar(45) CHARACTER SET utf8 COLLATE utf8_spanish_ci DEFAULT NULL,
  `correo` varchar(100) CHARACTER SET utf8 COLLATE utf8_spanish_ci DEFAULT NULL,
  `fecha_registro` datetime DEFAULT NULL,
  `estado_registro` varchar(45) CHARACTER SET utf8 COLLATE utf8_spanish_ci DEFAULT NULL,
  PRIMARY KEY (`id_proveedor_contacto`),
  KEY `fk_proveedor_contacto_proveedor1_idx` (`id_proveedor`),
  CONSTRAINT `fk_proveedor_contacto_proveedor1` FOREIGN KEY (`id_proveedor`) REFERENCES `proveedor` (`id_proveedor`)
) ENGINE=InnoDB DEFAULT CHARSET=utf8 COLLATE=utf8_spanish_ci;
/*!40101 SET character_set_client = @saved_cs_client */;

--
-- Dumping data for table `proveedor_contacto`
--

LOCK TABLES `proveedor_contacto` WRITE;
/*!40000 ALTER TABLE `proveedor_contacto` DISABLE KEYS */;
/*!40000 ALTER TABLE `proveedor_contacto` ENABLE KEYS */;
UNLOCK TABLES;

--
-- Table structure for table `recargo`
--

DROP TABLE IF EXISTS `recargo`;
/*!40101 SET @saved_cs_client     = @@character_set_client */;
/*!50503 SET character_set_client = utf8mb4 */;
CREATE TABLE `recargo` (
  `id_recargo` int NOT NULL AUTO_INCREMENT,
  `id_reservacion` int NOT NULL,
  `id_tipo_recargo` int NOT NULL,
  `monto` double DEFAULT NULL,
  `descripcion_caso` text CHARACTER SET utf8 COLLATE utf8_spanish_ci,
  `fecha_pago` datetime DEFAULT NULL,
  `comentarios` text CHARACTER SET utf8 COLLATE utf8_spanish_ci,
  `fecha_registro` datetime DEFAULT NULL,
  `estado_registro` varchar(45) CHARACTER SET utf8 COLLATE utf8_spanish_ci DEFAULT NULL,
  PRIMARY KEY (`id_recargo`),
  KEY `fk_recargo_reservacion1_idx` (`id_reservacion`),
  KEY `fk_recargo_tipo_recargo1_idx` (`id_tipo_recargo`),
  CONSTRAINT `fk_recargo_reservacion1` FOREIGN KEY (`id_reservacion`) REFERENCES `reservacion` (`id_reservacion`),
  CONSTRAINT `fk_recargo_tipo_recargo1` FOREIGN KEY (`id_tipo_recargo`) REFERENCES `tipo_recargo` (`id_tipo_recargo`)
) ENGINE=InnoDB AUTO_INCREMENT=3 DEFAULT CHARSET=utf8 COLLATE=utf8_spanish_ci;
/*!40101 SET character_set_client = @saved_cs_client */;

--
-- Dumping data for table `recargo`
--

LOCK TABLES `recargo` WRITE;
/*!40000 ALTER TABLE `recargo` DISABLE KEYS */;
INSERT INTO `recargo` VALUES (1,1,3,34000,'sdvsdv',NULL,'','2020-11-29 18:20:08','Activo'),(2,3,2,35000,'robo',NULL,'','2020-11-29 18:29:23','Activo');
/*!40000 ALTER TABLE `recargo` ENABLE KEYS */;
UNLOCK TABLES;

--
-- Table structure for table `representante`
--

DROP TABLE IF EXISTS `representante`;
/*!40101 SET @saved_cs_client     = @@character_set_client */;
/*!50503 SET character_set_client = utf8mb4 */;
CREATE TABLE `representante` (
  `id_representante` int NOT NULL AUTO_INCREMENT,
  `id_tipo_doc` int NOT NULL,
  `num_doc` double DEFAULT NULL,
  `nombres` varchar(45) CHARACTER SET utf8 COLLATE utf8_spanish_ci DEFAULT NULL,
  `apellidos` varchar(45) CHARACTER SET utf8 COLLATE utf8_spanish_ci DEFAULT NULL,
  `correo` varchar(100) CHARACTER SET utf8 COLLATE utf8_spanish_ci DEFAULT NULL,
  `fecha_registro` datetime DEFAULT NULL,
  `estado_registro` varchar(45) CHARACTER SET utf8 COLLATE utf8_spanish_ci DEFAULT NULL,
  PRIMARY KEY (`id_representante`),
  KEY `fk_representante_tipo_doc1_idx` (`id_tipo_doc`),
  CONSTRAINT `fk_representante_tipo_doc1` FOREIGN KEY (`id_tipo_doc`) REFERENCES `tipo_doc` (`id_tipo_doc`)
) ENGINE=InnoDB AUTO_INCREMENT=2 DEFAULT CHARSET=utf8 COLLATE=utf8_spanish_ci;
/*!40101 SET character_set_client = @saved_cs_client */;

--
-- Dumping data for table `representante`
--

LOCK TABLES `representante` WRITE;
/*!40000 ALTER TABLE `representante` DISABLE KEYS */;
INSERT INTO `representante` VALUES (1,1,20925925,'ARMANDO ESTEBAN','QUITO','armandobanquito@correo.com','2020-09-20 22:45:10','Activo');
/*!40000 ALTER TABLE `representante` ENABLE KEYS */;
UNLOCK TABLES;

--
-- Table structure for table `reservacion`
--

DROP TABLE IF EXISTS `reservacion`;
/*!40101 SET @saved_cs_client     = @@character_set_client */;
/*!50503 SET character_set_client = utf8mb4 */;
CREATE TABLE `reservacion` (
  `id_reservacion` int NOT NULL AUTO_INCREMENT,
  `id_sala` int NOT NULL,
  `id_usuario` int NOT NULL,
  `fecha` date NOT NULL,
  `id_sistema_hora` int NOT NULL,
  `precio` double NOT NULL,
  `comentarios` text CHARACTER SET utf8 COLLATE utf8_spanish_ci,
  `id_estado_reserva` int NOT NULL,
  `calificacion` int DEFAULT NULL,
  `fecha_registro` datetime NOT NULL,
  `estado_registro` varchar(45) CHARACTER SET utf8 COLLATE utf8_spanish_ci NOT NULL,
  PRIMARY KEY (`id_reservacion`),
  KEY `fk_reservacion_sala1_idx` (`id_sala`),
  KEY `fk_reservacion_usuario1_idx` (`id_usuario`),
  KEY `fk_reservacion_sistema_hora1_idx` (`id_sistema_hora`),
  KEY `fk_reservacion_estado_reserva1_idx` (`id_estado_reserva`),
  CONSTRAINT `fk_reservacion_estado_reserva1` FOREIGN KEY (`id_estado_reserva`) REFERENCES `estado_reserva` (`id_estado_reserva`),
  CONSTRAINT `fk_reservacion_sala1` FOREIGN KEY (`id_sala`) REFERENCES `sala` (`id_sala`),
  CONSTRAINT `fk_reservacion_sistema_hora1` FOREIGN KEY (`id_sistema_hora`) REFERENCES `sistema_hora` (`id_sistema_hora`),
  CONSTRAINT `fk_reservacion_usuario1` FOREIGN KEY (`id_usuario`) REFERENCES `usuario` (`id_usuario`)
) ENGINE=InnoDB AUTO_INCREMENT=25 DEFAULT CHARSET=utf8 COLLATE=utf8_spanish_ci;
/*!40101 SET character_set_client = @saved_cs_client */;

--
-- Dumping data for table `reservacion`
--

LOCK TABLES `reservacion` WRITE;
/*!40000 ALTER TABLE `reservacion` DISABLE KEYS */;
INSERT INTO `reservacion` VALUES (1,1,8,'2020-09-01',1,45000,'ninguno',4,2,'2020-09-25 21:28:46','Activo'),(2,2,12,'2020-09-01',2,45000,'ninguno',2,5,'2020-09-25 21:29:29','Activo'),(3,2,12,'2020-09-02',1,45000,'ninguno',4,1,'2020-09-25 21:30:23','Activo'),(4,1,12,'2020-09-03',5,45000,'ninguno',2,2,'2020-09-25 21:34:10','Activo'),(5,2,8,'2020-09-03',1,45000,'ninguno',6,4,'2020-09-25 21:34:10','Activo'),(6,3,8,'2020-09-04',4,45000,'ninguno',6,4,'2020-09-25 21:34:10','Activo'),(7,3,12,'2020-09-05',3,45000,'ninguno',5,4,'2020-09-25 21:34:10','Activo'),(8,1,12,'2020-09-06',1,45000,'ninguno',5,5,'2020-09-25 21:34:10','Activo'),(9,4,8,'2020-09-07',1,45000,'ninguno',6,3,'2020-09-25 21:34:10','Activo'),(10,4,12,'2020-09-08',1,45000,'ninguno',5,3,'2020-09-25 21:34:10','Activo'),(11,1,12,'2020-09-09',2,45000,'ninguno',5,3,'2020-09-25 21:34:10','Activo'),(12,1,12,'2020-09-10',1,45000,'ninguno',5,2,'2020-09-25 21:34:10','Activo'),(13,2,8,'2020-09-11',3,45000,'ninguno',6,1,'2020-09-25 21:34:10','Activo'),(14,3,12,'2020-09-11',1,45000,'ninguno',5,5,'2020-09-25 21:34:10','Activo'),(15,3,12,'2020-09-12',1,45000,'ninguno',5,3,'2020-09-25 21:34:10','Activo'),(16,3,8,'2020-09-13',2,45000,'ninguno',5,2,'2020-09-25 21:34:10','Activo'),(17,3,12,'2020-09-16',1,45000,'ninguno',5,2,'2020-09-25 21:34:10','Activo'),(18,4,8,'2020-09-20',1,45000,'ninguno',5,3,'2020-09-25 21:34:10','Activo'),(19,3,8,'2020-11-18',1,35000,'Prueba',3,0,'2020-11-17 19:14:13','Activo'),(20,4,8,'2020-11-19',2,35000,'Prueba',2,0,'2020-11-17 19:14:44','Activo'),(21,2,8,'2020-11-21',3,35000,'Prueba',2,0,'2020-11-17 19:16:10','Activo'),(22,2,17,'2020-11-26',5,40000,'Prueba',3,0,'2020-11-25 22:12:06','Activo'),(23,2,17,'2020-11-26',4,40000,'sfad',3,0,'2020-11-25 22:15:50','Activo'),(24,3,17,'2020-11-30',4,50000,'asas',3,0,'2020-11-29 00:21:48','Activo');
/*!40000 ALTER TABLE `reservacion` ENABLE KEYS */;
UNLOCK TABLES;

--
-- Table structure for table `reservacion_estado`
--

DROP TABLE IF EXISTS `reservacion_estado`;
/*!40101 SET @saved_cs_client     = @@character_set_client */;
/*!50503 SET character_set_client = utf8mb4 */;
CREATE TABLE `reservacion_estado` (
  `id_reservacion` int NOT NULL,
  `id_estado_reserva` int NOT NULL,
  `comentarios` text CHARACTER SET utf8 COLLATE utf8_spanish_ci,
  `fecha_registro` datetime DEFAULT NULL,
  KEY `fk_reservacion_estado_reservacion1_idx` (`id_reservacion`),
  KEY `fk_reservacion_estado_estado_reserva1_idx` (`id_estado_reserva`),
  CONSTRAINT `fk_reservacion_estado_estado_reserva1` FOREIGN KEY (`id_estado_reserva`) REFERENCES `estado_reserva` (`id_estado_reserva`),
  CONSTRAINT `fk_reservacion_estado_reservacion1` FOREIGN KEY (`id_reservacion`) REFERENCES `reservacion` (`id_reservacion`)
) ENGINE=InnoDB DEFAULT CHARSET=utf8 COLLATE=utf8_spanish_ci;
/*!40101 SET character_set_client = @saved_cs_client */;

--
-- Dumping data for table `reservacion_estado`
--

LOCK TABLES `reservacion_estado` WRITE;
/*!40000 ALTER TABLE `reservacion_estado` DISABLE KEYS */;
/*!40000 ALTER TABLE `reservacion_estado` ENABLE KEYS */;
UNLOCK TABLES;

--
-- Table structure for table `sala`
--

DROP TABLE IF EXISTS `sala`;
/*!40101 SET @saved_cs_client     = @@character_set_client */;
/*!50503 SET character_set_client = utf8mb4 */;
CREATE TABLE `sala` (
  `id_sala` int NOT NULL AUTO_INCREMENT,
  `id_sucursal` int NOT NULL,
  `nombre` varchar(100) CHARACTER SET utf8 COLLATE utf8_spanish_ci DEFAULT NULL,
  `precio` double DEFAULT NULL,
  `descripcion` text CHARACTER SET utf8 COLLATE utf8_spanish_ci,
  `fecha_registro` datetime DEFAULT NULL,
  `estado_registro` varchar(45) CHARACTER SET utf8 COLLATE utf8_spanish_ci DEFAULT NULL,
  PRIMARY KEY (`id_sala`),
  KEY `fk_sala_sucursal1_idx` (`id_sucursal`),
  CONSTRAINT `fk_sala_sucursal1` FOREIGN KEY (`id_sucursal`) REFERENCES `sucursal` (`id_sucursal`)
) ENGINE=InnoDB AUTO_INCREMENT=23 DEFAULT CHARSET=utf8 COLLATE=utf8_spanish_ci;
/*!40101 SET character_set_client = @saved_cs_client */;

--
-- Dumping data for table `sala`
--

LOCK TABLES `sala` WRITE;
/*!40000 ALTER TABLE `sala` DISABLE KEYS */;
INSERT INTO `sala` VALUES (1,1,'SALA AMARILLA',35000,'Sala de ensayo para grupos entusiastas','2020-09-20 13:11:24','Activo'),(2,1,'SALA AZUL',40000,'Prueba de registro','2020-09-20 13:44:40','Inactivo'),(3,1,'SALA VERDE',50000,'Descripcion de la sala verde','2020-09-20 14:43:27','Inactivo'),(4,2,'SALA MORADA',56000,'DESCRIPCION DE SALA MORADA','2020-09-21 19:22:47','Inactivo'),(12,2,'SALA ROJA',58000,'PRUEBA DESDE EL ARCHIVO EXCEL',NULL,'Activo'),(13,2,'SALA AGUAMARINA',20500,'PRUEBA DOS',NULL,'Activo'),(14,2,'SALA NEGRA',58000,'PRUEBA DESDE EL ARCHIVO EXCEL','2020-10-17 20:04:12','Activo'),(15,3,'SALA CARMESI',20500,'PRUEBA DOS','2020-10-17 20:04:12','Activo'),(16,3,'SALA PURPURA',45000,'NUEVA DESDE ARCHIVO','2020-11-05 18:36:37','Activo'),(17,4,'SALA BLANCA',60000,'NUEVA','2020-11-05 18:36:37','Activo'),(18,5,'SALA NUEVA 1',45000,'NUEVA DESDE ARCHIVO','2020-11-05 19:37:51','Activo'),(19,6,'SALA NUEVA 2',60000,'NUEVA','2020-11-05 19:37:51','Activo'),(20,7,'SALA NUEVA',58000,'Prueba','2020-11-17 19:21:20','Activo'),(21,3,'Sala 1',80000,'Prueba de sucursal ','2020-11-28 20:37:45','Activo');
/*!40000 ALTER TABLE `sala` ENABLE KEYS */;
UNLOCK TABLES;

--
-- Table structure for table `sequence`
--

DROP TABLE IF EXISTS `sequence`;
/*!40101 SET @saved_cs_client     = @@character_set_client */;
/*!50503 SET character_set_client = utf8mb4 */;
CREATE TABLE `sequence` (
  `SEQ_NAME` varchar(50) NOT NULL,
  `SEQ_COUNT` decimal(38,0) DEFAULT NULL,
  PRIMARY KEY (`SEQ_NAME`)
) ENGINE=InnoDB DEFAULT CHARSET=utf8mb4 COLLATE=utf8mb4_0900_ai_ci;
/*!40101 SET character_set_client = @saved_cs_client */;

--
-- Dumping data for table `sequence`
--

LOCK TABLES `sequence` WRITE;
/*!40000 ALTER TABLE `sequence` DISABLE KEYS */;
INSERT INTO `sequence` VALUES ('SEQ_GEN',0);
/*!40000 ALTER TABLE `sequence` ENABLE KEYS */;
UNLOCK TABLES;

--
-- Table structure for table `sistema_hora`
--

DROP TABLE IF EXISTS `sistema_hora`;
/*!40101 SET @saved_cs_client     = @@character_set_client */;
/*!50503 SET character_set_client = utf8mb4 */;
CREATE TABLE `sistema_hora` (
  `id_sistema_hora` int NOT NULL AUTO_INCREMENT,
  `id_sucursal` int NOT NULL,
  `hora_inicio` time DEFAULT NULL,
  `hora_finalizacion` time DEFAULT NULL,
  `fecha_registro` datetime DEFAULT NULL,
  `estado_registro` varchar(45) CHARACTER SET utf8 COLLATE utf8_spanish_ci DEFAULT NULL,
  PRIMARY KEY (`id_sistema_hora`),
  KEY `fk_sistema_hora_sucursal1_idx` (`id_sucursal`),
  CONSTRAINT `fk_sistema_hora_sucursal1` FOREIGN KEY (`id_sucursal`) REFERENCES `sucursal` (`id_sucursal`)
) ENGINE=InnoDB AUTO_INCREMENT=6 DEFAULT CHARSET=utf8 COLLATE=utf8_spanish_ci;
/*!40101 SET character_set_client = @saved_cs_client */;

--
-- Dumping data for table `sistema_hora`
--

LOCK TABLES `sistema_hora` WRITE;
/*!40000 ALTER TABLE `sistema_hora` DISABLE KEYS */;
INSERT INTO `sistema_hora` VALUES (1,1,'10:00:00','12:00:00','2020-09-25 21:21:07','Activo'),(2,1,'12:00:00','14:00:00','2020-10-17 17:59:31','Activo'),(3,1,'14:00:00','16:00:00','2020-10-17 17:59:31','Activo'),(4,1,'16:00:00','18:00:00','2020-10-17 17:59:31','Activo'),(5,1,'18:00:00','20:00:00','2020-10-17 17:59:31','Activo');
/*!40000 ALTER TABLE `sistema_hora` ENABLE KEYS */;
UNLOCK TABLES;

--
-- Table structure for table `sucursal`
--

DROP TABLE IF EXISTS `sucursal`;
/*!40101 SET @saved_cs_client     = @@character_set_client */;
/*!50503 SET character_set_client = utf8mb4 */;
CREATE TABLE `sucursal` (
  `id_sucursal` int NOT NULL AUTO_INCREMENT,
  `id_establecimiento` int NOT NULL,
  `id_ciudad` int NOT NULL,
  `id_usuario` int NOT NULL,
  `nombre` varchar(100) CHARACTER SET utf8 COLLATE utf8_spanish_ci DEFAULT NULL,
  `direccion` varchar(100) CHARACTER SET utf8 COLLATE utf8_spanish_ci DEFAULT NULL,
  `lat` varchar(45) COLLATE utf8_spanish_ci DEFAULT NULL,
  `lng` varchar(45) COLLATE utf8_spanish_ci DEFAULT NULL,
  `telefono` varchar(45) CHARACTER SET utf8 COLLATE utf8_spanish_ci DEFAULT NULL,
  `fecha_registro` datetime DEFAULT NULL,
  `estado_registro` varchar(45) CHARACTER SET utf8 COLLATE utf8_spanish_ci DEFAULT NULL,
  PRIMARY KEY (`id_sucursal`),
  KEY `fk_sucursal_establecimiento1_idx` (`id_establecimiento`),
  KEY `id_ciudad` (`id_ciudad`),
  KEY `fk_sucursal_usuario1_idx` (`id_usuario`),
  CONSTRAINT `fk_sucursal_establecimiento1` FOREIGN KEY (`id_establecimiento`) REFERENCES `establecimiento` (`id_establecimiento`),
  CONSTRAINT `fk_sucursal_usuario1` FOREIGN KEY (`id_usuario`) REFERENCES `usuario` (`id_usuario`),
  CONSTRAINT `sucursal_ibfk_1` FOREIGN KEY (`id_ciudad`) REFERENCES `ciudad` (`id_ciudad`)
) ENGINE=InnoDB AUTO_INCREMENT=8 DEFAULT CHARSET=utf8 COLLATE=utf8_spanish_ci;
/*!40101 SET character_set_client = @saved_cs_client */;

--
-- Dumping data for table `sucursal`
--

LOCK TABLES `sucursal` WRITE;
/*!40000 ALTER TABLE `sucursal` DISABLE KEYS */;
INSERT INTO `sucursal` VALUES (1,1,392,2,'SUCURSAL A','CLL 15 #21 - 2','4.618859696539196','-74.16296217650795','0000000','2020-09-20 11:03:18','Activo'),(2,1,392,2,'SUCURSAL B','DIRECCION B','4.650342112637354','-74.11609862059974','0000001','2020-11-27 10:18:56','Activo'),(3,1,392,2,'SUCURSAL C','DIRECCION C','4.617661968270542','-74.10356734008217','0000002','2020-11-27 10:18:56','Activo'),(4,1,392,2,'SUCURSAL D','DIRECCION D','4.589942550173462','-74.11146376342201','0000003','2020-11-27 10:18:56','Activo'),(5,1,392,2,'SUCURSAL E','DIRECCION E','4.60979113222041','-74.08382628173256','0000004','2020-11-27 10:18:56','Activo'),(6,1,392,2,'SUCURSAL F','DIRECCION F','4.610817767956802','-74.14905760497474','0000005','2020-11-27 10:18:56','Activo'),(7,1,392,2,'SUCURSAL G','DIRECCION G','4.588060328355371','-74.15918562621498','0000006','2020-11-27 10:18:56','Activo');
/*!40000 ALTER TABLE `sucursal` ENABLE KEYS */;
UNLOCK TABLES;

--
-- Table structure for table `telefono`
--

DROP TABLE IF EXISTS `telefono`;
/*!40101 SET @saved_cs_client     = @@character_set_client */;
/*!50503 SET character_set_client = utf8mb4 */;
CREATE TABLE `telefono` (
  `codigo` int NOT NULL AUTO_INCREMENT,
  `numero` varchar(255) CHARACTER SET utf8 COLLATE utf8_spanish_ci DEFAULT NULL,
  `codigoPersona` int DEFAULT NULL,
  PRIMARY KEY (`codigo`),
  KEY `FK_telefono_codigoPersona` (`codigoPersona`),
  CONSTRAINT `FK_telefono_codigoPersona` FOREIGN KEY (`codigoPersona`) REFERENCES `persona` (`codigo`)
) ENGINE=InnoDB DEFAULT CHARSET=utf8 COLLATE=utf8_spanish_ci;
/*!40101 SET character_set_client = @saved_cs_client */;

--
-- Dumping data for table `telefono`
--

LOCK TABLES `telefono` WRITE;
/*!40000 ALTER TABLE `telefono` DISABLE KEYS */;
/*!40000 ALTER TABLE `telefono` ENABLE KEYS */;
UNLOCK TABLES;

--
-- Table structure for table `tipo_doc`
--

DROP TABLE IF EXISTS `tipo_doc`;
/*!40101 SET @saved_cs_client     = @@character_set_client */;
/*!50503 SET character_set_client = utf8mb4 */;
CREATE TABLE `tipo_doc` (
  `id_tipo_doc` int NOT NULL,
  `nombre` varchar(100) CHARACTER SET utf8 COLLATE utf8_spanish_ci DEFAULT NULL,
  `abreviacion` varchar(5) CHARACTER SET utf8 COLLATE utf8_spanish_ci DEFAULT NULL,
  PRIMARY KEY (`id_tipo_doc`)
) ENGINE=InnoDB DEFAULT CHARSET=utf8 COLLATE=utf8_spanish_ci;
/*!40101 SET character_set_client = @saved_cs_client */;

--
-- Dumping data for table `tipo_doc`
--

LOCK TABLES `tipo_doc` WRITE;
/*!40000 ALTER TABLE `tipo_doc` DISABLE KEYS */;
INSERT INTO `tipo_doc` VALUES (1,'CÉDULA DE CIUDADANÍA','CC'),(2,'CÉDULA DE EXTRANJERÍA','CE'),(3,'PASAPORTE','PAS'),(4,'TARJETA DE IDENTIDAD','TI'),(5,'NIT','NIT');
/*!40000 ALTER TABLE `tipo_doc` ENABLE KEYS */;
UNLOCK TABLES;

--
-- Table structure for table `tipo_gasto`
--

DROP TABLE IF EXISTS `tipo_gasto`;
/*!40101 SET @saved_cs_client     = @@character_set_client */;
/*!50503 SET character_set_client = utf8mb4 */;
CREATE TABLE `tipo_gasto` (
  `id_tipo_gasto` int NOT NULL,
  `nombre` varchar(100) CHARACTER SET utf8 COLLATE utf8_spanish_ci DEFAULT NULL,
  `tipo` varchar(45) CHARACTER SET utf8 COLLATE utf8_spanish_ci DEFAULT NULL,
  PRIMARY KEY (`id_tipo_gasto`)
) ENGINE=InnoDB DEFAULT CHARSET=utf8 COLLATE=utf8_spanish_ci;
/*!40101 SET character_set_client = @saved_cs_client */;

--
-- Dumping data for table `tipo_gasto`
--

LOCK TABLES `tipo_gasto` WRITE;
/*!40000 ALTER TABLE `tipo_gasto` DISABLE KEYS */;
INSERT INTO `tipo_gasto` VALUES (1,'Impuestos','variable'),(2,'Mantenimiento / Reparaciones','variable'),(3,'Arriendo / Hipoteca','fixed'),(4,'Alquiler de Equipos','expense'),(5,'Eventos / Celebraciones','expense'),(6,'Limpieza','variable'),(7,'Seguridad','variable'),(8,'Seguros','fixed'),(9,'Agua','variable'),(10,'Energía Eléctrica','variable'),(11,'Telefonía Fija/Celular','variable'),(12,'Internet','variable'),(13,'Televisión por Cable','variable'),(14,'Gas','variable'),(15,'Suscripción a Revistas/Periódicos','variable'),(16,'Cursos / Capacitacíon','expense'),(17,'Contratación / Nómina','fixed'),(18,'Uniformes','expense'),(19,'Compra de Equipos / Accesorios','expense'),(20,'Compra de Muebles / Decoración','expense'),(21,'Reservas',NULL),(22,'Pago de Cargos',NULL),(23,'Ingresos Generales',NULL),(24,'Balance Inicial',NULL);
/*!40000 ALTER TABLE `tipo_gasto` ENABLE KEYS */;
UNLOCK TABLES;

--
-- Table structure for table `tipo_recargo`
--

DROP TABLE IF EXISTS `tipo_recargo`;
/*!40101 SET @saved_cs_client     = @@character_set_client */;
/*!50503 SET character_set_client = utf8mb4 */;
CREATE TABLE `tipo_recargo` (
  `id_tipo_recargo` int NOT NULL AUTO_INCREMENT,
  `nombre` varchar(100) CHARACTER SET utf8 COLLATE utf8_spanish_ci DEFAULT NULL,
  `descripcion` text CHARACTER SET utf8 COLLATE utf8_spanish_ci,
  `fecha_registro` datetime DEFAULT NULL,
  `estado_registro` varchar(45) CHARACTER SET utf8 COLLATE utf8_spanish_ci DEFAULT NULL,
  PRIMARY KEY (`id_tipo_recargo`)
) ENGINE=InnoDB AUTO_INCREMENT=4 DEFAULT CHARSET=utf8 COLLATE=utf8_spanish_ci;
/*!40101 SET character_set_client = @saved_cs_client */;

--
-- Dumping data for table `tipo_recargo`
--

LOCK TABLES `tipo_recargo` WRITE;
/*!40000 ALTER TABLE `tipo_recargo` DISABLE KEYS */;
INSERT INTO `tipo_recargo` VALUES (1,'Daños','Se provocaron daños a los equipos y/o instalaciones','2020-11-26 11:18:12','Activo'),(2,'Hurto','Se evidencia hurto de instrumentos y/o accesorios','2020-11-26 11:18:12','Activo'),(3,'Aseo','Se provoca por falta de cuidado con las instalaciones','2020-11-26 11:18:12','Activo');
/*!40000 ALTER TABLE `tipo_recargo` ENABLE KEYS */;
UNLOCK TABLES;

--
-- Table structure for table `usuario`
--

DROP TABLE IF EXISTS `usuario`;
/*!40101 SET @saved_cs_client     = @@character_set_client */;
/*!50503 SET character_set_client = utf8mb4 */;
CREATE TABLE `usuario` (
  `id_usuario` int NOT NULL AUTO_INCREMENT,
  `id_sucursal` int DEFAULT NULL,
  `id_perfil` int NOT NULL,
  `id_tipo_doc` int NOT NULL,
  `num_doc` double NOT NULL,
  `nombre` varchar(45) CHARACTER SET utf8 COLLATE utf8_spanish_ci NOT NULL,
  `apellido` varchar(45) CHARACTER SET utf8 COLLATE utf8_spanish_ci NOT NULL,
  `telefono` varchar(45) CHARACTER SET utf8 COLLATE utf8_spanish_ci DEFAULT NULL,
  `correo` varchar(100) CHARACTER SET utf8 COLLATE utf8_spanish_ci NOT NULL,
  `clave` varchar(45) CHARACTER SET utf8 COLLATE utf8_spanish_ci NOT NULL,
  `foto` varchar(100) CHARACTER SET utf8 COLLATE utf8_spanish_ci DEFAULT NULL,
  `codigo_validacion` varchar(100) CHARACTER SET utf8 COLLATE utf8_spanish_ci NOT NULL,
  `validacion_cuenta` tinyint NOT NULL,
  `fecha_registro` datetime NOT NULL,
  `estado_registro` varchar(45) CHARACTER SET utf8 COLLATE utf8_spanish_ci NOT NULL,
  PRIMARY KEY (`id_usuario`),
  KEY `fk_usuario_tipo_doc1_idx` (`id_tipo_doc`),
  KEY `fk_usuario_perfil1_idx` (`id_perfil`),
  KEY `id_sucursal` (`id_sucursal`),
  CONSTRAINT `fk_usuario_perfil1` FOREIGN KEY (`id_perfil`) REFERENCES `perfil` (`id_perfil`),
  CONSTRAINT `fk_usuario_tipo_doc1` FOREIGN KEY (`id_tipo_doc`) REFERENCES `tipo_doc` (`id_tipo_doc`),
  CONSTRAINT `usuario_ibfk_1` FOREIGN KEY (`id_sucursal`) REFERENCES `sucursal` (`id_sucursal`)
) ENGINE=InnoDB AUTO_INCREMENT=18 DEFAULT CHARSET=utf8 COLLATE=utf8_spanish_ci;
/*!40101 SET character_set_client = @saved_cs_client */;

--
-- Dumping data for table `usuario`
--

LOCK TABLES `usuario` WRITE;
/*!40000 ALTER TABLE `usuario` DISABLE KEYS */;
INSERT INTO `usuario` VALUES (2,1,1,1,1069753422,'MIGUEL FELIPE','PEÑUELA GARZON','3144352585','admin@gmail.com','admin',NULL,'CODE1234',1,'2020-09-17 07:45:15','Activo'),(3,1,2,1,2087472,'USUARIO 1','USUARIO 1','311224322','auxiliary@gmail.com','12',NULL,'CODE1234',1,'2020-09-17 07:45:15','Activo'),(8,NULL,3,1,10697361,'USUARIO 2','USUARIO 2','31432425','felipegarxon@hotmail.com','12',NULL,'yWQS7DFoPNAR73zejOtDcY9hp1JSRBuEquS6jaeQ1Sbi1dRahaXmA5RtQfW2HYgNfvmGjs8tsHlVehOb2yvfyp3sKbiX1ksTge56',1,'2020-09-19 15:00:04','Activo'),(12,NULL,3,1,1069753,'USUARIO 3','USUARIO 3','31432425','mgarzonnaranjo@gmail.com','12',NULL,'8zhlE9S7bh8VCMmV9Ny80dKfndGjgbAoaFBc7Lq07iIGZZr1fmzgFQD4Kk5YtQjPmclq1ICh7Ni88FRhpibtt6ntVKnNcb3FTP1j',1,'2020-09-21 19:18:17','Activo'),(13,NULL,3,1,1453135,'USUARIO 4','USUARIO 4','3123124354','sandra@correo.com','12',NULL,'z872WyU4pkTJ4nHMNlonizWp3r95Hr4MGRXKmbYiptcVVarQGlGdEBsA4arFyq3ku80NGsPbubsWIikbygyahq0mAeOMSJaARG5l',0,'2020-10-18 13:55:57','Activo'),(14,NULL,3,1,8481641,'USUARIO 5','USUARIO 5','3145468488','otoniel@correo.com','12',NULL,'c1vMZunLfIUGQdsAGlt4pgWOLJv5dOLXC8bjoO8QgvDrUkutrHCUknVbsdMHcK9JF8ugVDiR2VoqF0tW6sq8K1nnft06r0iPS7ly',0,'2020-10-18 13:59:42','Activo'),(15,NULL,1,1,123456,'USUARIO 6','USUARIO 6','3123124354','sandra2@correo.com','12',NULL,'rrmI9EJKDtQykOoJE2MGDMaFEX7AG8WibK6OSYUr4VS7vztHfVLSgI4Ol7ILSNnD4Bz7kLM9OVWvbR6y9P7ee0SKUG3ZgNB8V7qQ',0,'2020-10-20 18:36:33','Activo'),(16,NULL,3,1,123412432,'USUARIO 7','USUARIO 7','3123124354','miguel.penuela2020@gmail.com','12',NULL,'mkoFAolhprPDKKS95uSKEqLD928s4xY7lFdyzv33jIXBWSz7nUzTvsPRQd4atnPmdYcnnpTpCk5sJ5yNssYM49U8V8xJgY4rOxny',1,'2020-10-26 20:02:45','Activo'),(17,NULL,3,1,123123131,'USUARIO 8','USUARIO 8','3123124354','miguel.penuela@outlook.es','12',NULL,'fxRJ0E27fjJ1jYVnPUpmfyKZNkz0tb6cs2Fg6UiOpSMhHeqQgG4AD5FGoBOVMiMG5IAJ0jB8qr567dTx02r8eNORVQ6Yy55IgeC8',1,'2020-11-17 19:11:20','Activo');
/*!40000 ALTER TABLE `usuario` ENABLE KEYS */;
UNLOCK TABLES;
/*!40103 SET TIME_ZONE=@OLD_TIME_ZONE */;

/*!40101 SET SQL_MODE=@OLD_SQL_MODE */;
/*!40014 SET FOREIGN_KEY_CHECKS=@OLD_FOREIGN_KEY_CHECKS */;
/*!40014 SET UNIQUE_CHECKS=@OLD_UNIQUE_CHECKS */;
/*!40101 SET CHARACTER_SET_CLIENT=@OLD_CHARACTER_SET_CLIENT */;
/*!40101 SET CHARACTER_SET_RESULTS=@OLD_CHARACTER_SET_RESULTS */;
/*!40101 SET COLLATION_CONNECTION=@OLD_COLLATION_CONNECTION */;
/*!40111 SET SQL_NOTES=@OLD_SQL_NOTES */;

-- Dump completed on 2020-11-29 21:02:48
